,national_qr,international_qr,date_first_detected,date_last_detected
ab94caa77b0a3169558e631419d853b7,,1.0,2021-11-06,2024-06-16
9633ac622c3a2035df9dd39ec947d336,,1.0,2021-11-06,2024-06-16
09de24451167336dc934d1c243d9bb6a,,1.0,2021-11-06,2024-06-16
34cdfd628855e25a3725aa4ec4fa9bda,,1.0,2021-11-06,2024-06-16
a63a48d961a7fbfd29cab36c654b3c62,,1.0,2021-11-06,2024-06-16
8d6795bd9fcb3e0163148cca7df49b0d,,1.0,2021-11-06,2024-06-16
42cb9a744d281f4f87d00dc8fdc7af59,,1.0,2021-11-06,2024-06-16
619f67b2ff5147d86ed7db1bda63ef48,,1.0,2021-11-06,2024-06-16
a70b4d678cbb74f6fa6fb9503d4de645,,1.0,2021-11-06,2024-06-16
48656566540549641b38d6ee1f9a73e2,,1.0,2021-11-06,2024-06-16
fb4973bb87bad48cbc34c2cdb450af95,,1.0,2021-11-06,2024-06-16
f85d00f9882bac270c5d908853873cfa,,1.0,2021-11-06,2024-06-16
f9b1eb8a6de2e69407acb1a1370bf3d6,,1.0,2021-11-06,2024-06-16
faf877acc68fb1d03653c6bd1695574f,,1.0,2021-11-06,2024-06-16
fe34b09ef7ccb6c30d2acb69a15b6e84,,1.0,2021-11-06,2024-06-16
fe42f355d0cef3180741fd33b27911f0,,1.0,2021-11-06,2024-06-16
d14839e48344e7b1d073cc9669e6e62e,,1.0,2021-11-06,2024-06-16
d95e657e0acfd98b2d02f118f824ea30,,1.0,2021-11-06,2024-06-16
df810fba45ccb6f76f8222483d76fbf6,,1.0,2021-11-06,2024-06-16
e1779b403af1e4fe181537fce82fbb5d,,1.0,2021-11-06,2024-06-16
e198c963e4a3bc09311e138c63ba8f76,,1.0,2021-11-06,2024-06-16
e568ba7070c6d900baaa57d069ab0f29,,1.0,2021-11-06,2024-06-16
ebc29cfb707de255570544402490f33e,,1.0,2021-11-06,2024-06-16
ece7fce17f81ad29a7289b7b72d76372,,1.0,2021-11-06,2024-06-16
f75045d10782bd8178ac421eada39a63,,1.0,2021-11-06,2024-06-16
f7c584ec14f7e7d4a8ef164eb5fc2206,,1.0,2021-11-06,2024-06-16
f7d588aac7cc34a97a215a138505d288,,1.0,2021-11-06,2024-06-16
f42a327cf645daf507d1dc520cb4a440,,1.0,2021-11-06,2024-06-16
f4632b17b1b3faea95d34f9f58dc0ab7,,1.0,2021-11-06,2024-06-16
f6175318e46c57400c8e841d237eef53,,1.0,2021-11-06,2024-06-16
038de02f7cd6f57ba4a59fcc3709ec5d,,1.0,2021-11-06,2024-06-16
05b569bdc3f28046950965dee35683de,,1.0,2021-11-06,2024-06-16
05feeab4bba184f892401c4d7dc88e19,,1.0,2021-11-06,2024-06-16
11cb6489bcb549702da5b60ca6078aa4,,1.0,2021-11-06,2024-06-16
290de6e27a276d62785532964eb13722,,1.0,2021-11-06,2024-06-16
296626e11850fab3981ecdbc1ed9e326,,1.0,2021-11-06,2024-06-16
29eda4abc87f5ae4b1970d25d997e77f,,1.0,2021-11-06,2024-06-16
2af7c69065ee739d662098bba6c4e855,,1.0,2021-11-06,2024-06-16
2f9bf74bcc12ff6dbae3b713facc252d,,1.0,2021-11-06,2024-06-16
2c2a0c05c589709ceee5d7306fa0f879,,1.0,2021-11-06,2024-06-16
3e7a94e00ac7c7fa60ce22321229fe45,,1.0,2021-11-06,2024-06-16
44e8d0ffa1c9ad035371b22809a0949e,,1.0,2021-11-06,2024-06-16
4546b7161da1154b2f03b728c0a6d9c6,,1.0,2021-11-06,2024-06-16
4ec5b70ab6c74df397465e6171fdb0ce,,1.0,2021-11-06,2024-06-16
5921906ef6b653c8347655a713944a45,,1.0,2021-11-06,2024-06-16
5dd60b930ded5f6b1799e50aa5f7bdac,,1.0,2021-11-06,2024-06-16
6700c3ca6ad164446eaaad9480a18fc0,,1.0,2021-11-06,2024-06-16
69c63ee0789de571aed0e0f5e853be49,,1.0,2021-11-06,2024-06-16
6d592892b1b641fe462283680cb31e69,,1.0,2021-11-06,2024-06-16
70a1270f53bec245a7e1d487d03a3ef2,,1.0,2021-11-06,2024-06-16
713408ef244343da7cb42c9639f68f25,,1.0,2021-11-06,2024-06-16
7786f01de68f26308271f6aa5b6b9dd0,,1.0,2021-11-06,2024-06-16
760d3952c2103022b6af519de3742079,,1.0,2021-11-06,2024-06-16
7b777d71699b4c0d03437a1c009d8e03,,1.0,2021-11-06,2024-06-16
7d98ad8a6e8e6858c5e61b4bf19ed41f,,1.0,2021-11-06,2024-06-16
7ddbed0078583c8bf8ad4838c29ffabd,,1.0,2021-11-06,2024-06-16
7e93fd0fc25101d1f4b8191b7fbfdc01,,1.0,2021-11-06,2024-06-16
86590f73dd2cdbfc176ea93a6daaa09b,,1.0,2021-11-06,2024-06-16
8bed6ccdba40b6c732ca400d6adc1c6f,,1.0,2021-11-06,2024-06-16
8b585a9985c38f8a9703a1f1dae9b56e,,1.0,2021-11-06,2024-06-16
8d1e418ddfeac5058a2c3030e9a9de94,,1.0,2021-11-06,2024-06-16
9056d2bdd166ad194e96d61be223bfce,,1.0,2021-11-06,2024-06-16
92e1e68539af43cd96d8261c26113a44,,1.0,2021-11-06,2024-06-16
947df47f6b61ce5a076d17a661921e58,,1.0,2021-11-06,2024-06-16
9bb5e762368c4d0a903c67ad5448d75c,,1.0,2021-11-06,2024-06-16
9fc2344dbbbc66d40d1ec4ca3944e980,,1.0,2021-11-06,2024-06-16
a3b74c055cd5837af9d5ff0901342467,,1.0,2021-11-06,2024-06-16
a2e2e72944d9e785bbb73848d7bad9d9,,1.0,2021-11-06,2024-06-16
a4fecd0fc97b2ea6216931ae0a1a085f,,1.0,2021-11-06,2024-06-16
a844096b223cf86bfd12e49cf6e12e50,,1.0,2021-11-06,2024-06-16
ad46da62b36554fcf5c0b5ab13818fc1,,1.0,2021-11-06,2024-06-16
aeeec26078b650ed9df6610b5848c026,,1.0,2021-11-06,2024-06-16
b5c808e096db1f350de801e4076fe9e3,,1.0,2021-11-06,2024-06-16
bedc113732702c7c50c986fb41be7690,,1.0,2021-11-06,2024-06-16
c3e8634410c73f57c274fe668bb7ac06,,1.0,2021-11-06,2024-06-16
c369f011459c4369b94baad50308b6f9,,1.0,2021-11-06,2024-06-16
c005131bca8b6dd20fc3d7d78a13614d,,1.0,2021-11-06,2024-06-16
c08df739ba232e38bcb278b322361d45,,1.0,2021-11-06,2024-06-16
c40c26dffbe073fa730f8a074a0bb0a1,,1.0,2021-11-06,2024-06-16
cbfc6e96fc9289d8a6f29dee5bb64c83,,1.0,2021-11-06,2024-06-16
cc7d2a7ce7efc79228d2becb619d6085,,1.0,2021-11-06,2024-06-16
ccabda377703a0f38ef69735e0000a40,,1.0,2021-11-06,2024-06-16
272a1737e2e46d6123a81bed7b5d66f3,1.0,,2021-11-06,2024-06-16
dd675765ae9380849d1042901954eaec,1.0,,2021-11-06,2024-06-16
f2b6cabd7fae9510661f123cb42ab028,1.0,,2021-11-06,2024-06-16
a1f5733f2bdd4dce237195f30f0cd570,1.0,,2021-11-06,2024-06-16
1e7bed15dd81adbeeb203bd737b2cc06,1.0,,2021-11-06,2024-06-16
066373136954d791b9c8120d92c2f2ad,1.0,,2021-11-06,2024-06-16
d752685feefb4bdbd58d6b248a28b556,1.0,,2021-11-06,2024-06-16
1484f8cc7dc555e879cf53d08fb5f96f,1.0,,2021-11-06,2024-06-16
424bd6b6e6b0826cc3ffdb0bb68a1e17,1.0,,2021-11-06,2024-06-16
3cb0b7f8fcfaef58fe6cdb45d593fbc1,1.0,,2021-11-06,2024-06-16
5c7430e795fda4c4d6c6ff38d059158f,1.0,,2021-11-06,2024-06-16
28d393e3472d1d613c5d37a4535be8d7,1.0,,2021-11-06,2024-06-16
46681dde0bd48ab9f09fc7f61eb7ef26,1.0,,2021-11-06,2024-06-16
94eedb203307bfadb3231c6f8a68ef01,1.0,,2021-11-06,2024-06-16
97ad8273a5b3d7ac3f602ce750ce11df,1.0,,2021-11-06,2024-06-16
f72e398515b217455a96ad0d59ea4052,1.0,,2021-11-06,2024-06-16
dc49a177493ddfc5b7bbc8fd27c19400,1.0,,2021-11-06,2024-06-16
454cadf0866b2c42d9c9e6123bc34d4d,1.0,,2021-11-06,2024-06-16
5bcf1e92d4130f3ee158605f6d964d16,1.0,,2021-11-06,2024-06-16
c225d56d59952171ce33d674485bb485,1.0,,2021-11-06,2024-06-16
f6b77cbb72de96a41773c7dfe644c361,1.0,,2021-11-06,2024-06-16
25614b5ec9e999f4f0779b9258518d47,1.0,,2021-11-06,2024-06-16
aea2c1f9b8c2909b8aa98ffa1d41d325,1.0,,2021-11-06,2024-06-16
366495f15da5311f318112cae34590ac,1.0,,2021-11-06,2024-06-16
5637ea9867d9a5a009707bed9582558a,1.0,,2021-11-06,2024-06-16
9597e50cec8ce1ce6d7f17dbc8733a45,1.0,,2021-11-06,2024-06-16
f2a638e5a4f0cf188a434600e97244a6,1.0,,2021-11-06,2024-06-16
ada55ecf0cc9e8f30c0ade1149e42f40,1.0,,2021-11-06,2024-06-16
bce121176d6d80e217513278f72fa082,1.0,,2021-11-06,2024-06-16
1223326ec93e86fa60a28a0b9656d48d,,1.0,2021-11-07,2024-06-16
7fa8a8432b92c4d9761530a6b866a034,,1.0,2021-11-07,2024-06-16
e652fcd1cba2c53a49b498d055413d24,,1.0,2021-11-07,2024-06-16
1a0bef9442dce4768bd01020fa65bfdb,,1.0,2021-11-07,2024-06-16
f96e9525e0018f6df2c3ba3220cf7ecb,,1.0,2021-11-07,2024-06-16
cace129e6953f19e1841ab5dc0056eb5,,1.0,2021-11-07,2024-06-16
1252a2315ae489188c3d63184be80bc2,,1.0,2021-11-07,2024-06-16
17fe0bdf8abbcae74dbc2c6f7c7df03b,,1.0,2021-11-07,2024-06-16
85453d088311f96c3a7685e07679c3ae,,1.0,2021-11-07,2024-06-16
bb81bf4ea7b563e100dfdcf8e14933f5,,1.0,2021-11-07,2024-06-16
9482e0045f0949a30a6def86bfdec942,,1.0,2021-11-07,2024-06-16
56ebd9a30714f1bee6d719ffcc730f55,,1.0,2021-11-07,2024-06-16
46c9ce37f3924416e98c445600a392ba,,1.0,2021-11-07,2024-06-16
e4926b36583c34cfff01f25a9455094b,,1.0,2021-11-07,2024-06-16
a11b55fe2693cc8ba8679ac69e3a9f03,,1.0,2021-11-07,2024-06-16
e59bae0aec5663a9f6658ff7ad25bdb2,,1.0,2021-11-07,2024-06-16
83ad9bc89d85828774b17e4408d17685,,1.0,2021-11-07,2024-06-16
b78128dec5d130b7a394d57a7800b3a7,,1.0,2021-11-07,2024-06-16
226f8f27fe2338e1832adc69fd29b71a,,1.0,2021-11-07,2024-06-16
b8d065344dd292fa2f05bcc026d7f62e,,1.0,2021-11-07,2024-06-16
f36a9d935df95d269d7f6e62082576e6,,1.0,2021-11-07,2024-06-16
eb0adc5add2d98be31e134e030e94c0b,,1.0,2021-11-07,2024-06-16
9a5b8fdabaab4c83371419d7e9d0e112,,1.0,2021-11-07,2024-06-16
20b77f53381b95cab010777eba8e1f49,,1.0,2021-11-07,2024-06-16
8241ecfa58afd8cc5ce1a511cd09df03,,1.0,2021-11-07,2024-06-16
241d8ee78f74161134122059af07ef2c,,1.0,2021-11-07,2024-06-16
798dc141670d3485016fa45364bcd2a9,,1.0,2021-11-07,2024-06-16
2c51caee7828acafe536ea48406e8942,,1.0,2021-11-07,2024-06-16
e6fe4171994b52fcda9e2cc0e4a1340e,,1.0,2021-11-07,2024-06-16
ec039f6348d298295762d5fe391e8479,,1.0,2021-11-07,2024-06-16
cf1bea804e394649b7d5d4e7a8717de3,,1.0,2021-11-07,2024-06-16
ee55755fbe1acbc82c62d6585bf720bf,,1.0,2021-11-07,2024-06-16
f678ef3a4144502aa71d9d73ee60ddbc,,1.0,2021-11-07,2024-06-16
7b4bde1c1baa2617f16fc8b9b60aecc0,,1.0,2021-11-07,2024-06-16
b63d55e5cc267cd87a4169c0b028178e,,1.0,2021-11-07,2024-06-16
24807e8d3546e90819a21876a358657f,,1.0,2021-11-07,2024-06-16
7f45fbb5cd277ea8d7ef3e1cb53763b1,,1.0,2021-11-07,2024-06-16
9bd07a1a1dbe3b6a4a03bbf07c4241a4,,1.0,2021-11-07,2024-06-16
f364c79ab041a569edcbe662e0a8f498,,1.0,2021-11-07,2024-06-16
c118902c52976512ee68385e7704c44a,,1.0,2021-11-07,2024-06-16
c1ccecf9fc369e8c1388a63418a5210b,,1.0,2021-11-07,2024-06-16
77d1ce93d3bce4e9b5d09471d8671ba7,,1.0,2021-11-07,2024-06-16
3e7bca74f3c888ccb8224af2a8adb25a,,1.0,2021-11-07,2024-06-16
63827043688db39aef70dd65d2165f9d,,1.0,2021-11-07,2024-06-16
a6fd6ebf7a581359f261befd6535b291,,1.0,2021-11-07,2024-06-16
4996bac65ef37354b964f51070ae4ed0,,1.0,2021-11-07,2024-06-16
e38a11540523df6136695a73c04ccc7f,,1.0,2021-11-07,2024-06-16
e4e6ae52508627b65f246503b87ea4fc,,1.0,2021-11-07,2024-06-16
9daa0f0132a62ac9e8f069a93f5edc3f,,1.0,2021-11-07,2024-06-16
3698b8a70382b63c5e50456dddf1b85d,,1.0,2021-11-07,2024-06-16
e04daea26396fa168c61e010bb774b0b,,1.0,2021-11-07,2024-06-16
f851ece242f147ed6a2e54c31d01a926,,1.0,2021-11-07,2024-06-16
93b52a75189f1cd61362bc8425ff128e,,1.0,2021-11-07,2024-06-16
25604b5c2ca7e06387dccd5245bff018,,1.0,2021-11-07,2024-06-16
bbd7eb27d743d9ff59253269e276b334,,1.0,2021-11-07,2024-06-16
7db5f2cf0d741d3c1ce15ef85dfd5b7a,,1.0,2021-11-07,2024-06-16
3ac85b9345764d63b199da2587ad9ff9,,1.0,2021-11-07,2024-06-16
933043c46028c61b60d9fb1ca13b57a4,,1.0,2021-11-07,2024-06-16
01d25e4ee0ac21c06c464a1e6ba748fd,,1.0,2021-11-07,2024-06-16
d1e6831c90ea8f46f22222c33bf5ddff,,1.0,2021-11-07,2024-06-16
3981785cda280256147272d95bec165a,,1.0,2021-11-07,2024-06-16
c90a4768b6cc7a3e195095df63e2882d,,1.0,2021-11-07,2024-06-16
5bed3db77cb375be428495e0dd1e7894,,1.0,2021-11-07,2024-06-16
f41d23ff520ec2e2ec1127b6be02472c,,1.0,2021-11-07,2024-06-16
d07d25b7b2b184b51d486a0cda8d91dd,,1.0,2021-11-07,2024-06-16
59202b4c523c51a239259198f1fb1aa7,,1.0,2021-11-07,2024-06-16
cc3c6e9555fd4154b46797bf16fe8090,,1.0,2021-11-07,2024-06-16
1a279063bf28297e90ae3c3330354db7,,1.0,2021-11-07,2024-06-16
49372bd93a5885c620e28e62725ef9f4,,1.0,2021-11-07,2024-06-16
7f306af0749ae122d09dc222f9a8e411,,1.0,2021-11-07,2024-06-16
625cce5b16daafb649c1b21812d31900,,1.0,2021-11-07,2024-06-16
07cc0acf61f30e85910701925b585ba0,,1.0,2021-11-07,2024-06-16
fd30e1f193d2684c4231a26d789c5a2b,,1.0,2021-11-07,2024-06-16
100ebde1964a5f4099c3169fd4e15b94,,1.0,2021-11-07,2024-06-16
29111086bce353b11443802419ff7bdd,,1.0,2021-11-07,2024-06-16
e7a3de2b8116f2b5431268aae89a4ce0,,1.0,2021-11-07,2024-06-16
93ae49d2a1f7a2e77ff34f0bf749fd9f,,1.0,2021-11-07,2024-06-16
6bfbef715ae5b0ff2ef87e49c152ab71,,1.0,2021-11-07,2024-06-16
ab3b288f12f91574e4e8c4b94821b184,,1.0,2021-11-07,2024-06-16
1c29c1e3febaf97ca90a9349e4af18db,,1.0,2021-11-07,2024-06-16
5fa0c6982f9627c71b2260c985558733,,1.0,2021-11-07,2024-06-16
0e3c0ccabf1dcc818f63bb751f9dcadb,,1.0,2021-11-07,2024-06-16
57980bcbd69bf35d6adf3fa2873b9ecf,,1.0,2021-11-07,2024-06-16
9d48e06f207fae67769e634c13c4822d,,1.0,2021-11-07,2024-06-16
1753137890da7e47308f0b8943231283,,1.0,2021-11-07,2024-06-16
a898ee1df156047d4a9ca6b2801807ac,,1.0,2021-11-07,2024-06-16
e691d97e1d09132564159bc860addd1a,,1.0,2021-11-07,2024-06-16
d73d7d800e08eded849793d9adf47b6d,,1.0,2021-11-07,2024-06-16
b70e61a54145994ce05c4596e6cdd7dd,,1.0,2021-11-07,2024-06-16
0404cadca566ab076bf272097abe7514,,1.0,2021-11-07,2024-06-16
a6d9f6ff64ce5e2a0202926382f9129d,,1.0,2021-11-07,2024-06-16
2ad0d30b53522f97a2d51b30bdabe67c,,1.0,2021-11-07,2024-06-16
96071c64c97af276a17af1bc32a03627,,1.0,2021-11-07,2024-06-16
6bed7f1c7fd64b0fc1dd8df30fd49bd9,,1.0,2021-11-07,2024-06-16
c4892d627b426707ed93bf8c5f1d7e00,,1.0,2021-11-07,2024-06-16
e787e2a1a9d3ff30c5ad14591ca5d59a,,1.0,2021-11-07,2024-06-16
02561b0f914ba17cd0b3b6477bc99437,,1.0,2021-11-07,2024-06-16
43c1954a1a173038c10e13ba0c0469bb,,1.0,2021-11-07,2024-06-16
636d21a8cb45abd90b2ae47bb460e7ce,,1.0,2021-11-07,2024-06-16
0d717e391a5137fb4fc657f6fb19b500,,1.0,2021-11-07,2024-06-16
8a7ee53316cd94ec961b65789f515a98,,1.0,2021-11-07,2024-06-16
277a2824503fc8d82aa516bb7191fde8,,1.0,2021-11-07,2024-06-16
87bac3cf75b3f7dd1e697213446ee765,,1.0,2021-11-07,2024-06-16
2e261ab3b0f38268836543f1acd1cac0,,1.0,2021-11-07,2024-06-16
3ad7d7e37f46444503a21525a954159c,,1.0,2021-11-07,2024-06-16
d5fd5558f5a85fb0a944d681eb6b5fda,,1.0,2021-11-07,2024-06-16
6b78de8f525ef6f29408522d92611374,,1.0,2021-11-07,2024-06-16
bb3db942b056f88b46ed9ca068401265,,1.0,2021-11-07,2024-06-16
40c4a6835a1e5efd3dc1f5ac6cda932a,,1.0,2021-11-07,2024-06-16
103d4cfc48180045b5d96701bd02b9d9,,1.0,2021-11-07,2024-06-16
94494a1219f5ed0956a8f7c4f9243ec0,,1.0,2021-11-07,2024-06-16
7b279a3caf90c53fd68c9c2a289488a6,,1.0,2021-11-07,2024-06-16
6fa1abaf48b0a5202aeda1ba81dd42bf,,1.0,2021-11-07,2024-06-16
bdca38fa8afa1a178315a8440d2b1be5,,1.0,2021-11-07,2024-06-16
eedbdbff54fcd9e161f9eb5298a8bf42,,1.0,2021-11-07,2024-06-16
d948a6b5d3364787b4767486eb595c55,,1.0,2021-11-07,2024-06-16
45f435423b7d6cea0bb57210f46e0a56,,1.0,2021-11-07,2024-06-16
e625b5030224f766984cc1066f89a5bf,,1.0,2021-11-07,2024-06-16
d01e057f4a135cd1cb080c645a1f4b37,,1.0,2021-11-07,2024-06-16
0dc7271852041a315baf3a946545b5b8,,1.0,2021-11-07,2024-06-16
b815111d88c9306f0b3d47345108c78f,,1.0,2021-11-07,2024-06-16
3f21d42d42a6028469c3cc4650e6c280,,1.0,2021-11-07,2024-06-16
31c5f2de9e98b2419a896f5f8e4a3f7f,,1.0,2021-11-07,2024-06-16
f99ed293213568543b929b56f0094188,,1.0,2021-11-07,2024-06-16
61b2e085d117b281977d7c75d75822c1,,1.0,2021-11-07,2024-06-16
a9332c8e114b7adf1acb754cb48a0f58,,1.0,2021-11-07,2024-06-16
ffa26f92cb4c22f1a8e7333a4e25b1dc,,1.0,2021-11-07,2024-06-16
a9ebc8c2646321b3b8325c6420bdb01c,,1.0,2021-11-07,2024-06-16
317c626a686a3ae1a331e75cd1bff214,,1.0,2021-11-07,2024-06-16
159a3f1c1797f5cfd61165f11fd98b21,,1.0,2021-11-07,2024-06-16
d082391e02c3bb35d7a48a77924e7606,,1.0,2021-11-07,2024-06-16
9d23e3115aa3ac751a8a9a2a236bd359,,1.0,2021-11-07,2024-06-16
a0093d589e5cc0b33088779f032f9133,,1.0,2021-11-07,2024-06-16
79632b1aa6a021668e935966f943e273,,1.0,2021-11-07,2024-06-16
96588f025f951fee1681f0baab9db912,,1.0,2021-11-07,2024-06-16
85ef482bea65df3af4080dfde625e3f2,,1.0,2021-11-07,2024-06-16
a5e9bb5b7d7b773d196c1967fefd43ab,,1.0,2021-11-07,2024-06-16
0cad8ad0dfe4ae82dd540ad2a090acee,,1.0,2021-11-07,2024-06-16
3d4e4a7d172d821865246b969dd2cd2a,,1.0,2021-11-07,2024-06-16
4fc1a6972cb624111e8a0dfd55b6b6cf,,1.0,2021-11-07,2024-06-16
29c77224cf07d97fc9a419e8602a815c,,1.0,2021-11-07,2024-06-16
276074510112402f524df1abe5b2602b,,1.0,2021-11-07,2024-06-16
1fcf58298c81c8914975c5d626974989,,1.0,2021-11-07,2024-06-16
4ad7c061337478be73f7997c29b9e4fa,,1.0,2021-11-07,2024-06-16
3b373b5cd5fef08a4ac90337d1252cb8,,1.0,2021-11-07,2024-06-16
4a352b3df5863dc3dcf1a146f42345d2,,1.0,2021-11-07,2024-06-16
c280155ea22c87f8d9b9b9cfb70214d6,,1.0,2021-11-07,2024-06-16
3fffa8d0c167e178404c3a259ad97f12,,1.0,2021-11-07,2024-06-16
7e39f075d1d343aa643861d94009d934,,1.0,2021-11-07,2024-06-16
824b5820b477f210d96363d1dbef582f,,1.0,2021-11-07,2024-06-16
d6db7f63e8ad9dbaf4c41086f8f46ae5,,1.0,2021-11-07,2024-06-16
1226bd98d797df3b2637ffec90c758da,,1.0,2021-11-07,2024-06-16
7af1c9bb67d9884af1a4805712672f88,,1.0,2021-11-07,2024-06-16
0f446710c4461c792bed389ff5639671,,1.0,2021-11-07,2024-06-16
1334596325d89b4fa01abd8cb2059a65,,1.0,2021-11-07,2024-06-16
bbdebcfc803c326787b63ea04550a3e1,,1.0,2021-11-07,2024-06-16
3cc40d1d56f27906f5d790067f2ee536,,1.0,2021-11-07,2024-06-16
a2c50769da4c7c6eaab3e8608ff86e35,,1.0,2021-11-07,2024-06-16
8f06567ff041ad939fd46cad614e0f24,,1.0,2021-11-07,2024-06-16
c9d95033b25e62a7ec362998e7a83ac4,,1.0,2021-11-07,2024-06-16
ba5bff978f65c91a7bdf40098b59ec19,,1.0,2021-11-07,2024-06-16
f84cde78e6cddd71cc8bea6d1e3babaa,,1.0,2021-11-07,2024-06-16
1c5ff8beb7e3168343b2f619eba3b931,,1.0,2021-11-07,2024-06-16
1a723a0e8b17afe2122ba08b87b1eccf,,1.0,2021-11-07,2024-06-16
c60693778a6681171d8e682c23ee0b6d,,1.0,2021-11-07,2024-06-16
0a2add9b78bb9a56958a70f067b97af0,,1.0,2021-11-07,2024-06-16
197c8d4f2927666848865cc65a7bc7e4,,1.0,2021-11-07,2024-06-16
7a2ec03fdd7a62a65bf71c8883636b3e,,1.0,2021-11-07,2024-06-16
d412ca7651066feca0c592a518c5c930,,1.0,2021-11-07,2024-06-16
c07c404c5dd50986c1d4c9fb4b9e9e5f,,1.0,2021-11-07,2024-06-16
8be864a2669c50e73c803348d6f5f4be,,1.0,2021-11-07,2024-06-16
a16578bba49f55be9fa29929562f857e,,1.0,2021-11-07,2024-06-16
57cdeb31b21fe49be7807be8b84f0bec,,1.0,2021-11-07,2024-06-16
e9f280833ffb3abfaeaedf7a1019ae0a,,1.0,2021-11-07,2024-06-16
28c7306a1b2f4635281baf63f552c7f3,,1.0,2021-11-07,2024-06-16
75952369dd6a0318813db9181fc9a98f,,1.0,2021-11-07,2024-06-16
a0cb2615e78a562244a847abde5ee3eb,,1.0,2021-11-07,2024-06-16
6ba75999413c49838b8e29c33881b95b,1.0,,2021-11-07,2024-06-16
adab3f36dbfb2fbc93b83daed00c8694,1.0,,2021-11-07,2024-06-16
c9cfd44943b22711e1dfe092dd9c6633,1.0,,2021-11-07,2024-06-16
c285fe8adbe00328e36dee1c9242d521,1.0,,2021-11-07,2024-06-16
a65d6c38b228d615c3b423760f837e14,1.0,,2021-11-07,2024-06-16
9f14ebb8072a906934392dc5bd2a856d,1.0,,2021-11-07,2024-06-16
dce88a4eb633326c87fac38f0e043391,1.0,,2021-11-07,2024-06-16
6b252f658b1a5cc753b9442bc54b9c74,1.0,,2021-11-07,2024-06-16
96b4e498b70e6a719c302690a0903b47,,1.0,2021-11-10,2024-06-16
fbffa1e7a7c1f0b40d2d700f2f27df6c,1.0,,2021-11-12,2024-06-16
fb769d50578e5615c66d9edc07edd34a,1.0,,2021-11-12,2024-06-16
fb8c60355a2e670a873d420cd03eecd2,1.0,,2021-11-12,2024-06-16
fba4837fb1786bde37b4bb25c6c1366b,1.0,,2021-11-12,2024-06-16
f80ac14c431ac3eee237c8135569fdff,1.0,,2021-11-12,2024-06-16
f86a4a77c332f5507c59626035381f50,1.0,,2021-11-12,2024-06-16
f8aa45ff603f8d871c360bd8f3777a95,1.0,,2021-11-12,2024-06-16
f8beef9565a52323b8508faf3a72c07e,1.0,,2021-11-12,2024-06-16
f8ed667b1a19eb423c9cb513792c2b35,1.0,,2021-11-12,2024-06-16
f8ff1dd1ce2687529c5f9de906f904cc,1.0,,2021-11-12,2024-06-16
f91de932ffae885e359a207610bca753,1.0,,2021-11-12,2024-06-16
f92cce4d1d1c1f88b5bed27098fe5f3e,1.0,,2021-11-12,2024-06-16
f982d96e5b833b5340a4a24aa83310a8,1.0,,2021-11-12,2024-06-16
f99770aad0b662d08733c1aa5039ee0f,1.0,,2021-11-12,2024-06-16
f9a22f39da4c616f3d6c29dd1f8cd6f4,1.0,,2021-11-12,2024-06-16
f9db0917103ebacf4dd30874af016e42,1.0,,2021-11-12,2024-06-16
fa3af4259d87fa5d1b82dfa95f55a8fa,1.0,,2021-11-12,2024-06-16
fa6b0d1fd6cf5a2613ab5fdde530698a,1.0,,2021-11-12,2024-06-16
faba2a240fc37892f6368c1402fd05d6,1.0,,2021-11-12,2024-06-16
fae1564f52a03112013732f236c37727,1.0,,2021-11-12,2024-06-16
faffca4e8b807f1a1561c7501fa3126f,1.0,,2021-11-12,2024-06-16
fb18e293e884a77830c53e3c890db967,1.0,,2021-11-12,2024-06-16
fb27aec3e9a84e2659a852371fa8e619,1.0,,2021-11-12,2024-06-16
ffdebd0a988f57cb6d5ba66586fc552a,1.0,,2021-11-12,2024-06-16
ffd69972dae6272501770d7e68232f47,1.0,,2021-11-12,2024-06-16
fc45e6f9f4b78b287b6392c63bfb7fa5,1.0,,2021-11-12,2024-06-16
fc617fb62222f186bb962eb8997b649d,1.0,,2021-11-12,2024-06-16
fc64daf8e043c941b8376b3c5ae484b0,1.0,,2021-11-12,2024-06-16
fc81fc334a102d960ecdbdbab29ccf06,1.0,,2021-11-12,2024-06-16
fc86ef0961d84b8df386b43f7ee9625c,1.0,,2021-11-12,2024-06-16
fc947d63531f9d83a9634eb1e1f58ce2,1.0,,2021-11-12,2024-06-16
fd195b3d28cc9c76323488be48c58b9b,1.0,,2021-11-12,2024-06-16
fd36513c3dc9fcb3317d411b095eb7ad,1.0,,2021-11-12,2024-06-16
fd40f3858943ba7b8324a34b3eba9405,1.0,,2021-11-12,2024-06-16
fd4a74f2e89e19299e1bcd2341905ff7,1.0,,2021-11-12,2024-06-16
fdd08ba15020606d89eb949620129e20,1.0,,2021-11-12,2024-06-16
fdd856c6a76d87e46f746f82f932d6f0,1.0,,2021-11-12,2024-06-16
fdefd9b6731091ae9bce6c49efc46b3e,1.0,,2021-11-12,2024-06-16
fe756179c0e6ac54247d02affe9b2909,1.0,,2021-11-12,2024-06-16
fec92e958409b5c58db12b0745aac57e,1.0,,2021-11-12,2024-06-16
fec945f030a31f7dc89f914d3496830b,1.0,,2021-11-12,2024-06-16
fefe53f3835420f28f4480b626e17c05,1.0,,2021-11-12,2024-06-16
ff356f1626647b37155f30d0b525d378,1.0,,2021-11-12,2024-06-16
d34db8c996d11f99b96b172acbf7f2fc,1.0,,2021-11-12,2024-06-16
d3a127e823abebe4b0903b8741b7ba5e,1.0,,2021-11-12,2024-06-16
d049a4fdfc6b40e071b32da8ea228804,1.0,,2021-11-12,2024-06-16
d10219702cce5e00e5738cf11c5e6a5e,1.0,,2021-11-12,2024-06-16
d1111bba175ea5b3f845cef7127acf7a,1.0,,2021-11-12,2024-06-16
d17b688bc4bb5256819517ca0500610b,1.0,,2021-11-12,2024-06-16
d1cabf00aeea61c3ed4dffae1f9f4a56,1.0,,2021-11-12,2024-06-16
d1d2bdd8db81fd0eb05af074fcebe30d,1.0,,2021-11-12,2024-06-16
d203248617c46821c4c07ea53afdcab8,1.0,,2021-11-12,2024-06-16
d215bc7ab984e367281d430730f06dc4,1.0,,2021-11-12,2024-06-16
d22ef08468f74693090ad02e56a5c616,1.0,,2021-11-12,2024-06-16
d26cbe01d0f7671d203aa942eaff6f99,1.0,,2021-11-12,2024-06-16
d3042cc41ee107ab24682eb179ce50a6,1.0,,2021-11-12,2024-06-16
d752da7b64e01660918a89b4ed5ae0a2,1.0,,2021-11-12,2024-06-16
d78d34414c64d6f0af9f1493575c41ea,1.0,,2021-11-12,2024-06-16
d7affed92139b2071810470e4f8655ab,1.0,,2021-11-12,2024-06-16
d487a80532f11102b4978f893e425c08,1.0,,2021-11-12,2024-06-16
d5133cb805feb1ca59023694b8d49e4c,1.0,,2021-11-12,2024-06-16
d53f42942e0cda974bb8f5d6fea4e7a0,1.0,,2021-11-12,2024-06-16
d541ce4d028ee744fdb7a06b76796fe8,1.0,,2021-11-12,2024-06-16
d58ad42d0b2c947abd0c35dd1b89298c,1.0,,2021-11-12,2024-06-16
d5ab55a560fd954226e6d40cdd32a173,1.0,,2021-11-12,2024-06-16
d601692d6be47985cf2b65b5814a8fc9,1.0,,2021-11-12,2024-06-16
d6073e07980e5527258d419da06cbd61,1.0,,2021-11-12,2024-06-16
d62238069b028f1eac4dee71eaf124ef,1.0,,2021-11-12,2024-06-16
d6a68e077a20ba222f32b7dff51b7700,1.0,,2021-11-12,2024-06-16
d724d55b008517934fbbb07ec42fc1b2,1.0,,2021-11-12,2024-06-16
d87cec9b2a55214bdf0cbae6d698be30,1.0,,2021-11-12,2024-06-16
d900a8c480fc9334d0a6b2abe4155484,1.0,,2021-11-12,2024-06-16
d9711276b54a09df70a01f5b19cb8817,1.0,,2021-11-12,2024-06-16
d97514db53b43946c21b83eb24718647,1.0,,2021-11-12,2024-06-16
d98aad10e740c45cb01f223127f4cb06,1.0,,2021-11-12,2024-06-16
d9be26a72a7f51a30663e85290d96815,1.0,,2021-11-12,2024-06-16
da6bfbd51919354374d2ccec29db264a,1.0,,2021-11-12,2024-06-16
daa402594a61bd388f6ecf915824c8e0,1.0,,2021-11-12,2024-06-16
dc2567f2616a05043d49d005bfdcb824,1.0,,2021-11-12,2024-06-16
dc5c9c874a3015e15d5f6eb74baaebfc,1.0,,2021-11-12,2024-06-16
dcedec51c9773d5422aad4a07af5ec10,1.0,,2021-11-12,2024-06-16
dd0173a0f768fc6a0d2135f20618fa3e,1.0,,2021-11-12,2024-06-16
dd2df75b2d35563793a1028ecb81cc3a,1.0,,2021-11-12,2024-06-16
dd4ebeb637f34958ead96337356a31fb,1.0,,2021-11-12,2024-06-16
dd62e1ecad091509aa6cebd7e982b81f,1.0,,2021-11-12,2024-06-16
dd691a8a545a6d836305b83c7128587c,1.0,,2021-11-12,2024-06-16
dd8e3721d87413730245bc8ea86f5ad5,1.0,,2021-11-12,2024-06-16
dd88a9a3709a37bf4bd09aca18230cb2,1.0,,2021-11-12,2024-06-16
de01b4f9132f299d80bd79ec8d0166b6,1.0,,2021-11-12,2024-06-16
df1062e56d93a65052a270dab2c61681,1.0,,2021-11-12,2024-06-16
e3e5f99c19ae6093ac40c77c4f7c6116,1.0,,2021-11-12,2024-06-16
e35eeeb204bd31b0277b92e4e1196c95,1.0,,2021-11-12,2024-06-16
e358a768c6354a2b3a98b54046a20faf,1.0,,2021-11-12,2024-06-16
e388c5a099b6893d21dc95ba0b294b7b,1.0,,2021-11-12,2024-06-16
e3cf9f89c9845e9cf4be6638d9983918,1.0,,2021-11-12,2024-06-16
e3d4983277496879b65b5f54e5a2a03a,1.0,,2021-11-12,2024-06-16
e0008820505f72ad3fcb4e8beba64013,1.0,,2021-11-12,2024-06-16
e014df359e3d3605765c94e0e96d2ebf,1.0,,2021-11-12,2024-06-16
e02481f1a4b37d8053723c3c5ba94380,1.0,,2021-11-12,2024-06-16
e044f1e1e6f274d5b57686ed4a652dd9,1.0,,2021-11-12,2024-06-16
e0c0ad1c5a1f0e7c3f11062836acef00,1.0,,2021-11-12,2024-06-16
e1340311c90df8da4c24ceae4a63f7c1,1.0,,2021-11-12,2024-06-16
e15077273adce460f021db720fb433db,1.0,,2021-11-12,2024-06-16
e208ea0b1403cf5d4b7832d950a82e26,1.0,,2021-11-12,2024-06-16
e22909757774f264528319f0331cebf1,1.0,,2021-11-12,2024-06-16
e271b5a222cae61b79fc78c4d70fbff0,1.0,,2021-11-12,2024-06-16
e28cff1e7455b5f5fcea6387da55ff20,1.0,,2021-11-12,2024-06-16
e2d0e3b3f6dcaa33dd7223d2f991573b,1.0,,2021-11-12,2024-06-16
e2d383bbd36afb0f4586778c1f6d3aec,1.0,,2021-11-12,2024-06-16
e77dac14f3ccab6797a36f1dab5ea12b,1.0,,2021-11-12,2024-06-16
e77137f2800145295014a86a5c74540f,1.0,,2021-11-12,2024-06-16
e79887e630092cdcd668fe3947ce05bc,1.0,,2021-11-12,2024-06-16
e7a5bda3808505ed1e0b9ac2e647904c,1.0,,2021-11-12,2024-06-16
e40d540c631b2f0f9aac758b4853a15e,1.0,,2021-11-12,2024-06-16
e4a1aa8117bc46c72f68b8062844b89e,1.0,,2021-11-12,2024-06-16
e4a68b8ae5985e3d3aafc894e19cc2f5,1.0,,2021-11-12,2024-06-16
e505456c77d0b073d5f3c2b433ce57d3,1.0,,2021-11-12,2024-06-16
e53daab5109ec2c45872c95d79236f1d,1.0,,2021-11-12,2024-06-16
e546ede99cadbfe8c59ee4846264d924,1.0,,2021-11-12,2024-06-16
e5e8b4c17d263a0928991569f6acdfc1,1.0,,2021-11-12,2024-06-16
e612c3d60d6d236b18abc2cda7b7b47f,1.0,,2021-11-12,2024-06-16
e63dcfbd91de094fed17a97ff309beb8,1.0,,2021-11-12,2024-06-16
e63979b273adc0d342615a26340fa09f,1.0,,2021-11-12,2024-06-16
e69fa625494fad26d2d36010ca3f49af,1.0,,2021-11-12,2024-06-16
e69f1e7a887d86baaf5e48535f933919,1.0,,2021-11-12,2024-06-16
e6a34702e78180266bee5b37d9badf45,1.0,,2021-11-12,2024-06-16
e6f805e4a7fc545239ed4a15a6397700,1.0,,2021-11-12,2024-06-16
ebc80def7302b1570f163d62196486ac,1.0,,2021-11-12,2024-06-16
e8207b8535e71062cfa2fd899e5e087a,1.0,,2021-11-12,2024-06-16
e8c3039432ff0efc299ec4c999af205b,1.0,,2021-11-12,2024-06-16
e8c372f1959e97b666e1a97d5f565022,1.0,,2021-11-12,2024-06-16
e95e97ab888e8d6d1f629b57cf330df2,1.0,,2021-11-12,2024-06-16
e9f21e62030862c7dcc9c8642feba42a,1.0,,2021-11-12,2024-06-16
ead716bd82b248135ed3e926ca35a338,1.0,,2021-11-12,2024-06-16
eb2275a072e8a16af0b20b1da0d5568e,1.0,,2021-11-12,2024-06-16
eb3e8ab9a346a78bdfe8289f25689955,1.0,,2021-11-12,2024-06-16
efe910eeab4f373e33751557bb445fec,1.0,,2021-11-12,2024-06-16
efcaed8d41c4327c424345be2825a2f2,1.0,,2021-11-12,2024-06-16
eca352c3e332288f90787e9cb4bf6042,1.0,,2021-11-12,2024-06-16
ecb539685968095e3a1451e2d4cbfd12,1.0,,2021-11-12,2024-06-16
ed73f91a185dc94606a3efe065ce7531,1.0,,2021-11-12,2024-06-16
eda5e7a6f4572163145e55a8c707b51a,1.0,,2021-11-12,2024-06-16
edb2241c53840728c5d97a57dc3339d3,1.0,,2021-11-12,2024-06-16
ee69aec0ea10dfe690364c20f93902dc,1.0,,2021-11-12,2024-06-16
f35654bcaef582a4abd38176179276fe,1.0,,2021-11-12,2024-06-16
f35870c08b29dd239503df03cf0234c0,1.0,,2021-11-12,2024-06-16
f38987729ae46c9fb99a5ee07f663c82,1.0,,2021-11-12,2024-06-16
f3a5e4ab55c76abbfc407c2a5ce6d697,1.0,,2021-11-12,2024-06-16
f04344ec87fc230da1b87756abd902fe,1.0,,2021-11-12,2024-06-16
f044571dbb29908387669221abc4103b,1.0,,2021-11-12,2024-06-16
f0a9dc4e7d0a06de1d3c49b845609be8,1.0,,2021-11-12,2024-06-16
f0e0d56869940eced5b94694cb8d8188,1.0,,2021-11-12,2024-06-16
f148886ef679b9a6eb10e2b29058c8cd,1.0,,2021-11-12,2024-06-16
f16f36cdb4318b83a62565b17526081c,1.0,,2021-11-12,2024-06-16
f19a7860038667fd0a771eeedb3aad33,1.0,,2021-11-12,2024-06-16
f1c4c235a5ef209a573d55bb26df5838,1.0,,2021-11-12,2024-06-16
f218e1c979cf68598d24848c3f7416b7,1.0,,2021-11-12,2024-06-16
f237af3fdb07932c23e2c2c10bb47cf1,1.0,,2021-11-12,2024-06-16
f2395ddd54f15469f9314fc6d246381e,1.0,,2021-11-12,2024-06-16
f2778997b4c45513f8d45251c9d4735a,1.0,,2021-11-12,2024-06-16
f289ea626b9531852ffb0d9a13f1c016,1.0,,2021-11-12,2024-06-16
f296fc87590d8890ce53a4301e906c84,1.0,,2021-11-12,2024-06-16
f7efb0773b61beea53557cc823d04623,1.0,,2021-11-12,2024-06-16
f777b155f9daaf025ac5d7d5d581e314,1.0,,2021-11-12,2024-06-16
f7bc5bb941b6776ffbac76e72407f578,1.0,,2021-11-12,2024-06-16
f4083dacc2adfd2bfd93847ff822d016,1.0,,2021-11-12,2024-06-16
f4214436733a9b4f12e82a2054254fcf,1.0,,2021-11-12,2024-06-16
f50d94b7434e09c3cc913c4fe78731fe,1.0,,2021-11-12,2024-06-16
f60e6345fee58465426d8cfa153cbb0d,1.0,,2021-11-12,2024-06-16
f6efe9f0b29e951765ec9cda85d44faf,1.0,,2021-11-12,2024-06-16
f7383499a33700b3754c9a8ef23788fc,1.0,,2021-11-12,2024-06-16
f73cb190d4e90425d2f6900cd205111b,1.0,,2021-11-12,2024-06-16
0357255d6f718217b6cf23a91aaeeacd,1.0,,2021-11-12,2024-06-16
038c0d021298f3998839220f8d485724,1.0,,2021-11-12,2024-06-16
0395f748260e7d001506dc1c5e55a2cc,1.0,,2021-11-12,2024-06-16
0005817a6acadf7fda108d4b136e4a7f,1.0,,2021-11-12,2024-06-16
002cbbd31233349dbd53830f2403c513,1.0,,2021-11-12,2024-06-16
003e0e840a7119509fa260b94e222c03,1.0,,2021-11-12,2024-06-16
004b73e10b2032428b5fcddc613e8102,1.0,,2021-11-12,2024-06-16
008b1252162291c6c68994008337767d,1.0,,2021-11-12,2024-06-16
00983e751c67e83003255b60ed8b9f8b,1.0,,2021-11-12,2024-06-16
00f5edece08e5f70577ac7b4c278c20b,1.0,,2021-11-12,2024-06-16
01694183020592cd6a9a6ab9d4094fed,1.0,,2021-11-12,2024-06-16
01c4ab80c68ea23f22074ea794622ad7,1.0,,2021-11-12,2024-06-16
0201ec5264646246fd60faeee84d07eb,1.0,,2021-11-12,2024-06-16
0233db1a6cbd1e7a1c44bd5546c1f58e,1.0,,2021-11-12,2024-06-16
0246332e69a829ec5c78af8946347081,1.0,,2021-11-12,2024-06-16
0258dc410932c7dbba7df67c3161b36b,1.0,,2021-11-12,2024-06-16
02bf1b788d8645f6981b8f16f847771b,1.0,,2021-11-12,2024-06-16
07b32ab1f2658be53d44a82e52203bcc,1.0,,2021-11-12,2024-06-16
07b8cebd62bc6dca3c0dc1a3c7abe29f,1.0,,2021-11-12,2024-06-16
040119c5a68d7a57e88256c443f3eeb4,1.0,,2021-11-12,2024-06-16
0459d365d83b7187571ef8d2bce80957,1.0,,2021-11-12,2024-06-16
0466cb7443516c47919e2b5259734c35,1.0,,2021-11-12,2024-06-16
047a1d35228d941cc741845f6a0b0042,1.0,,2021-11-12,2024-06-16
04899f747e534f1bb0c02ccb7e8ad8d1,1.0,,2021-11-12,2024-06-16
04ba2793bb01f4ca81b42cfa936d47ed,1.0,,2021-11-12,2024-06-16
052477976767d47d7c2e3b404c98bf5c,1.0,,2021-11-12,2024-06-16
0590574c5f41a5c0b1e6e38a6b3c3dc9,1.0,,2021-11-12,2024-06-16
05a1f27ade7493de0e0542d9e7919dd4,1.0,,2021-11-12,2024-06-16
05b1f42e93ca8db8537c2904e77dd401,1.0,,2021-11-12,2024-06-16
05bb8754c6de77dd5cbfa46d1bf2b282,1.0,,2021-11-12,2024-06-16
05bc7f00e9d3c821071c85ad5757c06e,1.0,,2021-11-12,2024-06-16
05d99ea317190ab408715a4fe6205c5f,1.0,,2021-11-12,2024-06-16
063fd8cc22e29f2f96276df3596d5713,1.0,,2021-11-12,2024-06-16
0634e681dc492277a0d7e284e57cc5b4,1.0,,2021-11-12,2024-06-16
0becf8991b66f1103efb105d63083965,1.0,,2021-11-12,2024-06-16
083f082dfe676c1a8fe8f416117b0f5d,1.0,,2021-11-12,2024-06-16
0878d67e172cd39fad2b0b371a3a4618,1.0,,2021-11-12,2024-06-16
089024d4aed61ed7d8829cc93ab1a50a,1.0,,2021-11-12,2024-06-16
090dbfb37ab912a3256ed12a2ddd1f1f,1.0,,2021-11-12,2024-06-16
094f51e86df2b4a5b884b974300aeaff,1.0,,2021-11-12,2024-06-16
0995c42e9e772f9a146a9e8bd9747def,1.0,,2021-11-12,2024-06-16
09ce5e69c74c51f2baefb2cc42ba6267,1.0,,2021-11-12,2024-06-16
09e1a3ba59c35b647a0ce1541f030cfe,1.0,,2021-11-12,2024-06-16
0a12e2ccc02a73b5ac91e246bbd0485d,1.0,,2021-11-12,2024-06-16
0a20c28de06b4e66baf261230411f487,1.0,,2021-11-12,2024-06-16
0a4a6d4cce301d1d9ec48e8cd7bde989,1.0,,2021-11-12,2024-06-16
0f699f3ca39ad3caf1b8979706d7c4e2,1.0,,2021-11-12,2024-06-16
0fae1aa7d6b2c3c7dfe76493886ac3f1,1.0,,2021-11-12,2024-06-16
0fbf383b69185c0393308ec62dd23725,1.0,,2021-11-12,2024-06-16
0c007e2a20f22a2ad6cc7c6739cd106b,1.0,,2021-11-12,2024-06-16
0c1aa9798f4744adfe88d990c6bc0af9,1.0,,2021-11-12,2024-06-16
0d30027b38b84d9fdf2637069e936239,1.0,,2021-11-12,2024-06-16
0d51fc10209a01a8076bfc1469b730c5,1.0,,2021-11-12,2024-06-16
0d7b9774a8a896a0da9044cbffe9bd80,1.0,,2021-11-12,2024-06-16
0dc22f122bf111689891f35fdaac0621,1.0,,2021-11-12,2024-06-16
0e14ce86a566d529a79a934c99617cb3,1.0,,2021-11-12,2024-06-16
0e219bd31c9a088b06393e2fae2f00fd,1.0,,2021-11-12,2024-06-16
0e2490b3b544d4bf0461b113322505b3,1.0,,2021-11-12,2024-06-16
0eae1c519e2e8d7ae9cb0591429234d8,1.0,,2021-11-12,2024-06-16
0ea01c371f49d06b291f40eaf8176711,1.0,,2021-11-12,2024-06-16
0eb011f5a417414c5ec3d584a74f4306,1.0,,2021-11-12,2024-06-16
1363c07b4cc3e6e16bf946d916f27597,1.0,,2021-11-12,2024-06-16
1364c2052a89b788e14afe8b2f90ed1d,1.0,,2021-11-12,2024-06-16
136ca9e4340b9fbf2bda02ba08eae10a,1.0,,2021-11-12,2024-06-16
104908fb0c7de5a104847db2f8a351fe,1.0,,2021-11-12,2024-06-16
10e1191b36ff7fe68adeeb4a56da26f5,1.0,,2021-11-12,2024-06-16
10f30a1203c6d1a8a13269da7f32ad1a,1.0,,2021-11-12,2024-06-16
10f7f3acdbce394232ba41768454503d,1.0,,2021-11-12,2024-06-16
111127cd1922e78096fe6401c4dbbb1d,1.0,,2021-11-12,2024-06-16
11329f8011d57ce3507dcb5d201259c2,1.0,,2021-11-12,2024-06-16
1149e15d27a3d70dabf31b4b8ae5c68f,1.0,,2021-11-12,2024-06-16
116ce1b55411a7038f05e5993bd7fbcb,1.0,,2021-11-12,2024-06-16
1172c34cd1416b85f329a4de68e596b6,1.0,,2021-11-12,2024-06-16
1193cab59be01eff4fde5ed1a2b5f07f,1.0,,2021-11-12,2024-06-16
11c055dc3041652973c67d1df6f1aef6,1.0,,2021-11-12,2024-06-16
12718de7e2858f5d937e35d3cebf82c2,1.0,,2021-11-12,2024-06-16
1275efd77cb161580b7cbbd4aadff2af,1.0,,2021-11-12,2024-06-16
12ee53f742bb339c9357850d6961af15,1.0,,2021-11-12,2024-06-16
12fd72852a7ef8f263f998255d9b210e,1.0,,2021-11-12,2024-06-16
12f0dde0aacfd10bb934f26f9e4bf939,1.0,,2021-11-12,2024-06-16
130b923283194d84dcdd24ff4e62ab01,1.0,,2021-11-12,2024-06-16
17d1902b8cdebe416fc4a384a9e32b10,1.0,,2021-11-12,2024-06-16
17d4f914bbd8ee3b8adab0292e49ed25,1.0,,2021-11-12,2024-06-16
17d5f7c75de2048d387d7dfc8bc67cec,1.0,,2021-11-12,2024-06-16
141f7a0bc99be8c06cee47e868238e60,1.0,,2021-11-12,2024-06-16
14240de3d807c6cbf936447768f3b939,1.0,,2021-11-12,2024-06-16
1493c502e4ed14686f2d72ad206944c8,1.0,,2021-11-12,2024-06-16
14ec78ebcab09209faaccfcc00dbdddd,1.0,,2021-11-12,2024-06-16
14fb70d64b905e5b5849e9e4b3a7e0a9,1.0,,2021-11-12,2024-06-16
151be88e7b94cb779bf2d5a996ee1b4f,1.0,,2021-11-12,2024-06-16
15203440ca57369cff6b8df9647f96ae,1.0,,2021-11-12,2024-06-16
1528a2cbf2af623ce10135a2157f8dd9,1.0,,2021-11-12,2024-06-16
154c07d74f8b4a6a09906e916d32d4ea,1.0,,2021-11-12,2024-06-16
16022ca512fcb051a1b0189e1343d467,1.0,,2021-11-12,2024-06-16
1696c89a05d9b19000fc95f43e12b121,1.0,,2021-11-12,2024-06-16
17106c0233793bdf886ad3bd1e11b412,1.0,,2021-11-12,2024-06-16
1ba0dddffc1380dbf40ffa52c65a5758,1.0,,2021-11-12,2024-06-16
1815e096aaaf9f9751b0942fd89b88b9,1.0,,2021-11-12,2024-06-16
182fa3f4a3b55b7f9d8f82c651e7fc35,1.0,,2021-11-12,2024-06-16
182671462d9d9d4183660baa8588eb41,1.0,,2021-11-12,2024-06-16
186e96e51dd2f142260e84a95d783a36,1.0,,2021-11-12,2024-06-16
189d095a06f274fdc28f38d32c6256de,1.0,,2021-11-12,2024-06-16
18fb32c9664b337c60caa119236e820a,1.0,,2021-11-12,2024-06-16
1909a8e5ea9aeadf83eed147a101d921,1.0,,2021-11-12,2024-06-16
195693537f5a11c84e25ddf67b866570,1.0,,2021-11-12,2024-06-16
198d96e86dea17d1f2e963f1249df48b,1.0,,2021-11-12,2024-06-16
1a4b87dd069b1eac46f89ca20076b0c6,1.0,,2021-11-12,2024-06-16
1aa887c21b483d1e47d5308f15eea5be,1.0,,2021-11-12,2024-06-16
1fe285c931c661083b21eef9b355b957,1.0,,2021-11-12,2024-06-16
1fe6b7b839d7ded9032b58609b73e3d7,1.0,,2021-11-12,2024-06-16
1c367bb73e00f1fceea42f78b8840c7a,1.0,,2021-11-12,2024-06-16
1c7788f9c548a1ac64f5c2a1bd957739,1.0,,2021-11-12,2024-06-16
1c81815277f413859736484ccff68a2f,1.0,,2021-11-12,2024-06-16
1d14caf9132ef8a67fcaa8a858a4b7de,1.0,,2021-11-12,2024-06-16
1dc590120cb6adac614aaa7d711610bc,1.0,,2021-11-12,2024-06-16
1df2b5f30cec61e8a600e4c691d4ee7e,1.0,,2021-11-12,2024-06-16
1e817e661788af53c18220f69d95801f,1.0,,2021-11-12,2024-06-16
1ed6a3a568362abb211879f34e54645a,1.0,,2021-11-12,2024-06-16
1ef5cf4b99b6fb629dd52d767fef89ef,1.0,,2021-11-12,2024-06-16
1efb9a39f0e03382c4086939af078c04,1.0,,2021-11-12,2024-06-16
1f35dd79be4e8916c45fd62c72d6b440,1.0,,2021-11-12,2024-06-16
23a82f1c016c185275e9b7bd161ff1ea,1.0,,2021-11-12,2024-06-16
23c6ae5128c01a558c5d502678c70d64,1.0,,2021-11-12,2024-06-16
202ab7d314bbac6869d8654d6d536ffe,1.0,,2021-11-12,2024-06-16
208c12e5f50c3056b70faafcc73ec5b7,1.0,,2021-11-12,2024-06-16
209115075d99ee69558546b1153ee694,1.0,,2021-11-12,2024-06-16
20c128745406970b257b9c1faefcf34d,1.0,,2021-11-12,2024-06-16
2110d2327d4f4cd8d40b49e43fa9cd29,1.0,,2021-11-12,2024-06-16
21632780dd5d6c7e850a87006ff4ed92,1.0,,2021-11-12,2024-06-16
2184cc2bc653eb5a8c9c24baea04d523,1.0,,2021-11-12,2024-06-16
219b065c6e63efa75f65275cec433fd1,1.0,,2021-11-12,2024-06-16
21bbd9677f1328c9182a2bac346856fb,1.0,,2021-11-12,2024-06-16
2250ab2865ccf152094bd8534a27b903,1.0,,2021-11-12,2024-06-16
226ab0051a7104a5a5edfd13564d48da,1.0,,2021-11-12,2024-06-16
2322717ebb788272b0be5b6a9970f6d4,1.0,,2021-11-12,2024-06-16
274f53e381e2087eff408e0873c1c781,1.0,,2021-11-12,2024-06-16
2750f8585137150e525a82c072a437f0,1.0,,2021-11-12,2024-06-16
2455e7b9ce78fb20dfe6cc8669c4e715,1.0,,2021-11-12,2024-06-16
245887a8bb1d556e47517a66de20669f,1.0,,2021-11-12,2024-06-16
246b57af98f6bc0447adefe57821b3f1,1.0,,2021-11-12,2024-06-16
252aaec37372381415c5bbb402ae005e,1.0,,2021-11-12,2024-06-16
25c53f08d21727d51d00e336ae17a0e8,1.0,,2021-11-12,2024-06-16
25cb6b55582a9c70bfb5ac80d32f523e,1.0,,2021-11-12,2024-06-16
25f036c01cda9510f0a34f4ee1181fad,1.0,,2021-11-12,2024-06-16
269b386bc08afe132087085597f60249,1.0,,2021-11-12,2024-06-16
2704f736368b75510acc07581ed7da99,1.0,,2021-11-12,2024-06-16
2be302aeb82ff625d42fb7f9e0a357e8,1.0,,2021-11-12,2024-06-16
2b48555301d560c1c8a6adac736af635,1.0,,2021-11-12,2024-06-16
2b5df956242f8648c94263776fdb1040,1.0,,2021-11-12,2024-06-16
2bc7394fd19ac05f886d4f023c417c99,1.0,,2021-11-12,2024-06-16
2bccbf726d3e90e5f244efb3b2fd9862,1.0,,2021-11-12,2024-06-16
280fdeb0f36b7f0afadcab562d7a1a7f,1.0,,2021-11-12,2024-06-16
281c42281f9b82cf468fdec048739a1c,1.0,,2021-11-12,2024-06-16
283ab79d3ede14d10637fe8a82006f6e,1.0,,2021-11-12,2024-06-16
28686aabea5eade9a6b697ac9950932c,1.0,,2021-11-12,2024-06-16
28c8f499aa9f9c1ea7bf1d8498445c96,1.0,,2021-11-12,2024-06-16
2904af7a749566412bdf873b9d3e0fc0,1.0,,2021-11-12,2024-06-16
2905d306f7c0467c23d5a3bf1ae18091,1.0,,2021-11-12,2024-06-16
293ef1a633326d986cd6ed98d285684c,1.0,,2021-11-12,2024-06-16
298d4b2595bc892c7f4301442245812e,1.0,,2021-11-12,2024-06-16
2a091fedcf67602987a9de0602d2d5cc,1.0,,2021-11-12,2024-06-16
2a26a4fdaec875454d404a5a6d818cf8,1.0,,2021-11-12,2024-06-16
2a55be5054857745bd9b69711e36082c,1.0,,2021-11-12,2024-06-16
2aefb1693d6e9ee83fc685bc72bd9676,1.0,,2021-11-12,2024-06-16
2b28ae202d27aa1f98cf9aeb248738e0,1.0,,2021-11-12,2024-06-16
2fc5f4df10236967afdf63dceb5495d4,1.0,,2021-11-12,2024-06-16
2c1df62e30483709bc13fa3af3d36f34,1.0,,2021-11-12,2024-06-16
2c29b17fdcde4035b1dc31e6d33da9f7,1.0,,2021-11-12,2024-06-16
2c6570c421ebb14139187c0f9a4395cf,1.0,,2021-11-12,2024-06-16
2c76f4ecbde1d10b0798bf910a9ca8c2,1.0,,2021-11-12,2024-06-16
2c8b0a5f0ddcff8fb80687ba222bf31a,1.0,,2021-11-12,2024-06-16
2cb4ee6d99e323a7fb8af71769a060c5,1.0,,2021-11-12,2024-06-16
2ce76b679d7182c12d0ca5b2c8e7c21c,1.0,,2021-11-12,2024-06-16
2d18d7c9a2c9a08acdf6d9cac2df39a0,1.0,,2021-11-12,2024-06-16
2d479066ac6ac19247d8de69013c0f66,1.0,,2021-11-12,2024-06-16
2d80465a3c5a17b7d6e323f4250f87e3,1.0,,2021-11-12,2024-06-16
2d9edfa279420c361c9be34ff59e42e4,1.0,,2021-11-12,2024-06-16
2dc2a0342a6eb8d432ae298b3bde0063,1.0,,2021-11-12,2024-06-16
2e7b7406f3e2cc6676b26308741f6719,1.0,,2021-11-12,2024-06-16
2f0079ebf3b286c43ec1c3a247a47ee6,1.0,,2021-11-12,2024-06-16
2f2a6538baf37f3fc9c7b66ad5ed8c1a,1.0,,2021-11-12,2024-06-16
300b40f3862c4f0601a10a11d257d032,1.0,,2021-11-12,2024-06-16
3014f9268daeb40b7218e17720746013,1.0,,2021-11-12,2024-06-16
302f96b51baf0cf677ae6e541855d387,1.0,,2021-11-12,2024-06-16
3061db8baa87830c8ed9bafa308a4be4,1.0,,2021-11-12,2024-06-16
30d3597b3f754a26f5d01971eddb95ea,1.0,,2021-11-12,2024-06-16
30e62b374ef0b929d37f89f9c77a5255,1.0,,2021-11-12,2024-06-16
313b61d9ef4a985a6379bdd8f4d07fb2,1.0,,2021-11-12,2024-06-16
3142bc69e259a3c1fb1f26618d474f6c,1.0,,2021-11-12,2024-06-16
317889703eff87cf1e474819aed4f03f,1.0,,2021-11-12,2024-06-16
317c9133c68495815e7975be5546f2fc,1.0,,2021-11-12,2024-06-16
318a8146ce5ab9e08dada8a79aef8533,1.0,,2021-11-12,2024-06-16
3254959f6a926a4772d7f6ee43de2ddb,1.0,,2021-11-12,2024-06-16
327180e0d3f95e5713843fec2c1d69c7,1.0,,2021-11-12,2024-06-16
32aa9252cfca5a8362a27f0169d1a956,1.0,,2021-11-12,2024-06-16
32f0c0427edebb584c040ce217dd5e54,1.0,,2021-11-12,2024-06-16
3320542aac2fdf07167c742cf4767e1a,1.0,,2021-11-12,2024-06-16
333609f5723fd4598920313fdc69a992,1.0,,2021-11-12,2024-06-16
376e808c16ed618d5be50e28a315eb23,1.0,,2021-11-12,2024-06-16
376c744f57586a60a27226987f24d711,1.0,,2021-11-12,2024-06-16
3770696514c65b4ac5f8c98ce663975d,1.0,,2021-11-12,2024-06-16
37808ed0da68dc82c317b05ba39c44e8,1.0,,2021-11-12,2024-06-16
379e7c6076579b6a6247af9755b4bf74,1.0,,2021-11-12,2024-06-16
344b2a344bef1c87d7500b8ee156e70f,1.0,,2021-11-12,2024-06-16
3487a51c0b5f6595bce6d7f92f284e1b,1.0,,2021-11-12,2024-06-16
349b480a3c9371dc965ec845cf7fbf4f,1.0,,2021-11-12,2024-06-16
34c735296a2e7eddad480f40d12c19b0,1.0,,2021-11-12,2024-06-16
34d4fa62f7638d0616370dc02eaf2663,1.0,,2021-11-12,2024-06-16
362092c1927efa89f7d0c7c654757d1f,1.0,,2021-11-12,2024-06-16
3680bb9aca5ee6235fa529ff9a89c0fc,1.0,,2021-11-12,2024-06-16
36ed75864aaa3d11b095d53a5f994397,1.0,,2021-11-12,2024-06-16
370e9266ba144b6d30c1d755d30a0cfc,1.0,,2021-11-12,2024-06-16
3711a8d29ae6f919d4284452f0c98656,1.0,,2021-11-12,2024-06-16
3721a3efa7689413bd6416870aa70254,1.0,,2021-11-12,2024-06-16
37238446559d99f19854f7a4777c00eb,1.0,,2021-11-12,2024-06-16
373a93b3e251ba50b28f45a39556d0c6,1.0,,2021-11-12,2024-06-16
3b5fee881aab327bada25e540842b104,1.0,,2021-11-12,2024-06-16
3b58488db9e75c923f42b80ab73939d6,1.0,,2021-11-12,2024-06-16
3bd3c8b30410d30251444cee2ceea13f,1.0,,2021-11-12,2024-06-16
3836c554b573fccb82864b37be6dd24f,1.0,,2021-11-12,2024-06-16
387f93197fbaa5d45061aeff1eecd1f0,1.0,,2021-11-12,2024-06-16
38734541aa7ca604a5ea38f1b4babb6e,1.0,,2021-11-12,2024-06-16
387cd51886a37a6ecda42da65730ce75,1.0,,2021-11-12,2024-06-16
38c0b9eaffe4381ab263256df1833dda,1.0,,2021-11-12,2024-06-16
38d5aa0a0d3a645948217f184d1c0591,1.0,,2021-11-12,2024-06-16
38d94b112ddbe97740c1d2131e129b73,1.0,,2021-11-12,2024-06-16
3905c7667982f618fe2552a912a49d21,1.0,,2021-11-12,2024-06-16
39414df043e7691498f385110feda58c,1.0,,2021-11-12,2024-06-16
39490eac9065b595b7cf80e06bf5223d,1.0,,2021-11-12,2024-06-16
39bac1f17627ecb6acfd35c699a2b84e,1.0,,2021-11-12,2024-06-16
3a323d66484248778aeb71308902f804,1.0,,2021-11-12,2024-06-16
3a4daf4b7d63151fd8f7fe72c6361165,1.0,,2021-11-12,2024-06-16
3a98f45cfc3010114ef6d67cbc008317,1.0,,2021-11-12,2024-06-16
3b204d768f63bab2dcd79fb15d892b8c,1.0,,2021-11-12,2024-06-16
3ff5f4ef24dc9fa9ebe09012a9b81921,1.0,,2021-11-12,2024-06-16
3ff6ec214ed834e732de43c0162e36a3,1.0,,2021-11-12,2024-06-16
3f4ecb4c55f2b6f1536271b09ffdf499,1.0,,2021-11-12,2024-06-16
3f71f7503a2c6903fa212a7a72c36bef,1.0,,2021-11-12,2024-06-16
3f7ca0bf863bfc288563514cec970390,1.0,,2021-11-12,2024-06-16
3fc14dc51f0eed472556f84ef4f4ef0f,1.0,,2021-11-12,2024-06-16
3d419841a2d2b40a18013d5b76a728c9,1.0,,2021-11-12,2024-06-16
3dd2a899a1e2bbbcebedede2624d750a,1.0,,2021-11-12,2024-06-16
3e0270466bcbd0335a2f133741100d8b,1.0,,2021-11-12,2024-06-16
3e313572be8d725bfd87b9867b1dce66,1.0,,2021-11-12,2024-06-16
3eaff7719a9489828e41518ede09c38b,1.0,,2021-11-12,2024-06-16
3ecd09c1234b9b864bc5ad7c410360ea,1.0,,2021-11-12,2024-06-16
43939555d770043809223582be33fbff,1.0,,2021-11-12,2024-06-16
43ae86feeca49108021eed4e25f1f19e,1.0,,2021-11-12,2024-06-16
43b8582dce6ace0d61785c8f7a52bdd7,1.0,,2021-11-12,2024-06-16
40045f9aaa037b95e411e71335382968,1.0,,2021-11-12,2024-06-16
400a65e7f604fc46f2e955c7b3094c33,1.0,,2021-11-12,2024-06-16
40550a2e1c44160c403d9aeeaaf11aa5,1.0,,2021-11-12,2024-06-16
409708c4a877fbf5cfa6f71e9593aa13,1.0,,2021-11-12,2024-06-16
40aaa0aa9a917d4e254e9952349d6ea6,1.0,,2021-11-12,2024-06-16
40b555dbb8d059c017fe9684275ca91d,1.0,,2021-11-12,2024-06-16
410a5476a8e69450297b367312a56ab3,1.0,,2021-11-12,2024-06-16
411679caed7632831e5950c10311c884,1.0,,2021-11-12,2024-06-16
41407b5db4a86d8f7d5ae250fda407d1,1.0,,2021-11-12,2024-06-16
41b14b9e7fb2654d6833d2e7d2f65e9b,1.0,,2021-11-12,2024-06-16
42063d6442f8bd3e974d62c4a11dac76,1.0,,2021-11-12,2024-06-16
4227124c8b0eac888b6871ed5885240b,1.0,,2021-11-12,2024-06-16
4282973d088c87292c7d5d0b9b183fcd,1.0,,2021-11-12,2024-06-16
428b9900d70d4070628dc49690a8f799,1.0,,2021-11-12,2024-06-16
4290b447cffa0d147cf15e85486c8817,1.0,,2021-11-12,2024-06-16
42a21eee2f136e10e332da7d6c0c14db,1.0,,2021-11-12,2024-06-16
444387afb2ee652f8ef476df17211ee5,1.0,,2021-11-12,2024-06-16
448c6384f90820a1524b225fe3cb959a,1.0,,2021-11-12,2024-06-16
44b35040c06187dc39b8b5b62e42bae9,1.0,,2021-11-12,2024-06-16
44da92589c6218fbdb1574a2ca0f3e10,1.0,,2021-11-12,2024-06-16
4541e18841604686ac337538e61b778f,1.0,,2021-11-12,2024-06-16
45eb51b12e3fc95b66a8fd8feef303ed,1.0,,2021-11-12,2024-06-16
4633f55abadc7c62a0abd7d9a762a22b,1.0,,2021-11-12,2024-06-16
463c8346632b2855f4d80d5b65c1c9fe,1.0,,2021-11-12,2024-06-16
467b5699321523b1949de37635f050a4,1.0,,2021-11-12,2024-06-16
4692212e4163146c7dc7bd6d0a360540,1.0,,2021-11-12,2024-06-16
4693fb2908354ea44cabbe3f3080d07e,1.0,,2021-11-12,2024-06-16
469c5c02a8779a6f83475623b84b8b29,1.0,,2021-11-12,2024-06-16
46bcfebd204941e567244d417defe9b9,1.0,,2021-11-12,2024-06-16
46dcaf17c44bf8287efd96ef2a3eaf43,1.0,,2021-11-12,2024-06-16
46f8071e3174ef0076f141950c86017a,1.0,,2021-11-12,2024-06-16
4b4d7c1629063aabbdd86077b11008fa,1.0,,2021-11-12,2024-06-16
4b4e27c38a95769af7b2a03e22c3f979,1.0,,2021-11-12,2024-06-16
4b4e5b5042e0b3f5e5c274cd75524483,1.0,,2021-11-12,2024-06-16
4b76c245ffd335622f6c89c258be3629,1.0,,2021-11-12,2024-06-16
48d8d1e348b79e38108d73f3e78b63ef,1.0,,2021-11-12,2024-06-16
499ac9c1ae75a14e3de4786e175dd1d3,1.0,,2021-11-12,2024-06-16
49e07bee11543f85ba4ad1417ff0ef1b,1.0,,2021-11-12,2024-06-16
4a01754f933e2d6ba2f01fba5cdf30a1,1.0,,2021-11-12,2024-06-16
4a21e25889015feb550cfa7a3c048090,1.0,,2021-11-12,2024-06-16
4a42ae42e2d31aea601ca851af5a16fe,1.0,,2021-11-12,2024-06-16
4a547d72407be78d02dfe930120d2e5b,1.0,,2021-11-12,2024-06-16
4ae4533bbeb9f3d55b49b8442e06c14f,1.0,,2021-11-12,2024-06-16
4aecc3c040bff6db79372dd46e432189,1.0,,2021-11-12,2024-06-16
4b37ed48366c4ad37a6aa938b443b77a,1.0,,2021-11-12,2024-06-16
4fd88e2819b410a1b2bea1f3d7341d1e,1.0,,2021-11-12,2024-06-16
4c1edd0e8e8a5ca9e090427613ee8982,1.0,,2021-11-12,2024-06-16
4cb213e1848b4f52b599bd3a64e8c2b0,1.0,,2021-11-12,2024-06-16
4ce2981d9d0e41e46ce5765755889677,1.0,,2021-11-12,2024-06-16
4cfd7a24e25059af364792edbc3f3f9b,1.0,,2021-11-12,2024-06-16
4d59e4ea80dade18cb8de44b51a522fd,1.0,,2021-11-12,2024-06-16
4d6f8367978199422844e3aef64a493d,1.0,,2021-11-12,2024-06-16
4ea066d7fd0a3b376608bb1a974aa104,1.0,,2021-11-12,2024-06-16
4ea82eaf6dc3b66f6e9930a4a3afab19,1.0,,2021-11-12,2024-06-16
4ec8a43be37b57d231508779d2dd593b,1.0,,2021-11-12,2024-06-16
4f2f7c4dc55785d82d880494d7b5d514,1.0,,2021-11-12,2024-06-16
53cfadc6ec9ddb359a788cb64f810127,1.0,,2021-11-12,2024-06-16
53d837d4deaacbc1cbfa62db3c481e96,1.0,,2021-11-12,2024-06-16
504ce369d4565cf4fd9d901f4f1f43e0,1.0,,2021-11-12,2024-06-16
5051048189b4f8a175a10a11cdc71cde,1.0,,2021-11-12,2024-06-16
507cf3153f3a890704335077ca91cc21,1.0,,2021-11-12,2024-06-16
50845de5f8fef986b880cdc17e9f9eff,1.0,,2021-11-12,2024-06-16
509e275f1fec1d93eaab6e1d62d64334,1.0,,2021-11-12,2024-06-16
50ac7c6d809ad251960475c321db5492,1.0,,2021-11-12,2024-06-16
50d4562d2be163206d046ea81193f3be,1.0,,2021-11-12,2024-06-16
512c4c894e724d8b7dd729ed0980737c,1.0,,2021-11-12,2024-06-16
51870d1eca361e006ab9e5f5c28bf08c,1.0,,2021-11-12,2024-06-16
51a2a13ccaf9d54f1d0bf1aeb4d3e82d,1.0,,2021-11-12,2024-06-16
520cb1dbef2a648a540a769f4eb3b706,1.0,,2021-11-12,2024-06-16
525ae16eea0a0827cf3531a6658f4d04,1.0,,2021-11-12,2024-06-16
52e78ef7c27f6c7247aed38949f566ee,1.0,,2021-11-12,2024-06-16
532d9bbe38a00c53b76d85ec280e9cf2,1.0,,2021-11-12,2024-06-16
5324545b561e3308d9dbd2ba1f110ac6,1.0,,2021-11-12,2024-06-16
57f60b217c60a21a823443dec98489ef,1.0,,2021-11-12,2024-06-16
54bab2a2f684606235c861d78d7694fc,1.0,,2021-11-12,2024-06-16
54cd2d320be304f7c852a5d603352309,1.0,,2021-11-12,2024-06-16
5501042198712b6339e8a2a6c05faba5,1.0,,2021-11-12,2024-06-16
55376588f0b9daeede604189f74c6c09,1.0,,2021-11-12,2024-06-16
55bb4c480b771f900dd5ce7934d00982,1.0,,2021-11-12,2024-06-16
55c011c895b4f06f3baa08975a00ba48,1.0,,2021-11-12,2024-06-16
55c20796b37d173a5d0a73d13c330b3b,1.0,,2021-11-12,2024-06-16
562ded3855d50b4cba281f6a02770325,1.0,,2021-11-12,2024-06-16
56632beb11a207f111aa9b45567e5f5f,1.0,,2021-11-12,2024-06-16
5692ed7b76cefc75677ffb8ddc71cddc,1.0,,2021-11-12,2024-06-16
56a4780586a904c82e48f1c4857f225c,1.0,,2021-11-12,2024-06-16
56c4ba71da2e2c7ad077cedd79c0282f,1.0,,2021-11-12,2024-06-16
56f365e36c66b22755ab96cf30a30a0d,1.0,,2021-11-12,2024-06-16
5727aeb83ca7d3f01d52123314854144,1.0,,2021-11-12,2024-06-16
5bfa6591568bbedfd2366a27ff57ed7d,1.0,,2021-11-12,2024-06-16
5b548313df5c0de61c4f1fc7bcea6cae,1.0,,2021-11-12,2024-06-16
5badcf62129ec86f8ba9a386742d80f1,1.0,,2021-11-12,2024-06-16
580a999f4833ef16b37a2d13f693685e,1.0,,2021-11-12,2024-06-16
591dadd3ce8965de36d81d1ce43f0cef,1.0,,2021-11-12,2024-06-16
59717c68f283c4012ae9e46f460151f9,1.0,,2021-11-12,2024-06-16
59c222daf82bb9c2621cfbb3eced149b,1.0,,2021-11-12,2024-06-16
5a179896a0f10cce55d7ae83dc8b0b24,1.0,,2021-11-12,2024-06-16
5ab78dd4dfacb3bc22ab8be70a56f40e,1.0,,2021-11-12,2024-06-16
5af2db58861b9150cef2d59067531f54,1.0,,2021-11-12,2024-06-16
5b0297a733854227c238f8e2b6015a79,1.0,,2021-11-12,2024-06-16
5fd3d5d612d810c212be57baf6697170,1.0,,2021-11-12,2024-06-16
5c5f51315b03b3f2236c4ccedd4a240a,1.0,,2021-11-12,2024-06-16
5c94c518ba5a5809974d5005d8482f2d,1.0,,2021-11-12,2024-06-16
5caeeecc2e66abed852ae7ac5be954e7,1.0,,2021-11-12,2024-06-16
5d05210ff94ec0da6494390a145ff3a3,1.0,,2021-11-12,2024-06-16
5dac68f1122bc03f3a1a3488d661bf2b,1.0,,2021-11-12,2024-06-16
5ddd9f4142a19f3dc40efa943296f626,1.0,,2021-11-12,2024-06-16
5e72cbbcaa69af66d563707f49ea1a35,1.0,,2021-11-12,2024-06-16
5e8260530e207f68f3724b7b946044f6,1.0,,2021-11-12,2024-06-16
5e9108668ec43ed1f78b53e1f48f4dc4,1.0,,2021-11-12,2024-06-16
5eef37dd74b3c75c52ab754ab85409c1,1.0,,2021-11-12,2024-06-16
5ef145b0453d8c6135d432e7d4376aee,1.0,,2021-11-12,2024-06-16
63e0c3f85fa65998a5faf046774bbc58,1.0,,2021-11-12,2024-06-16
60029483277ec4fc49f289061bba3089,1.0,,2021-11-12,2024-06-16
604945ec315ed031724f4e7f4299b97b,1.0,,2021-11-12,2024-06-16
60ef789c389a11e227d582fa73b0ef14,1.0,,2021-11-12,2024-06-16
61a41e526bbb9e6a5c68bd1945392a1a,1.0,,2021-11-12,2024-06-16
6205224a946871b979d1041763dd50c2,1.0,,2021-11-12,2024-06-16
6224ddc9eea646ad12c10c18e3b30311,1.0,,2021-11-12,2024-06-16
623b5906fba2dce8ff7a8bcbcae39bbc,1.0,,2021-11-12,2024-06-16
6240db38eb25cb97e580ce079708a3d2,1.0,,2021-11-12,2024-06-16
624aaf3c9671c9bcdc29df564c851725,1.0,,2021-11-12,2024-06-16
6262e92c87e00842bdbcf3efa58e4733,1.0,,2021-11-12,2024-06-16
629b2ef70b6ea712f30d1f30555d35ea,1.0,,2021-11-12,2024-06-16
62b250f376e3717c56315414a92d9eb9,1.0,,2021-11-12,2024-06-16
630e6d487a76e2c1ca77ecf038d76881,1.0,,2021-11-12,2024-06-16
644f2379df8a44afd84254a1aa9a8ad2,1.0,,2021-11-12,2024-06-16
64a0a42b412840282556631395602779,1.0,,2021-11-12,2024-06-16
64f2781c3f74d2d5513527bc8756e4d2,1.0,,2021-11-12,2024-06-16
650702f6268bddcdec4c0d3b48955f03,1.0,,2021-11-12,2024-06-16
652e696744cd1912f9c421bba29bebea,1.0,,2021-11-12,2024-06-16
662508ae2c6c4874340a4ed124826c8e,1.0,,2021-11-12,2024-06-16
665c98fed3b7b999c7bc22cf1311f7a5,1.0,,2021-11-12,2024-06-16
66af19445549bc4c5233a1e6e2851624,1.0,,2021-11-12,2024-06-16
66ab08e05f31186db438ab52b462eb1f,1.0,,2021-11-12,2024-06-16
66e60c738708c3cd56e7d13625a33541,1.0,,2021-11-12,2024-06-16
6b4d6d02f3204a942a4a5d1c188ffa2a,1.0,,2021-11-12,2024-06-16
6b5e9708ceb68f8483b7842f6f6844e1,1.0,,2021-11-12,2024-06-16
6b72f8f26dea6a3c175cc7d746c1279f,1.0,,2021-11-12,2024-06-16
6b95e1852a52f887b29ecbd93e3fd182,1.0,,2021-11-12,2024-06-16
6bd27c019540fa0b75ab86ee30fe67bc,1.0,,2021-11-12,2024-06-16
682b50e39de55200a0ad5873a258602a,1.0,,2021-11-12,2024-06-16
68f049f0b6734a1723404df4e1a3073a,1.0,,2021-11-12,2024-06-16
68f45acc7930d92e4ba3307e7b549c83,1.0,,2021-11-12,2024-06-16
693eadf6b855f2b8f708d75d2b6dbc15,1.0,,2021-11-12,2024-06-16
694f21ad8e43a85e0eab89303f52abce,1.0,,2021-11-12,2024-06-16
6a585ac30303328a746a5751e2478645,1.0,,2021-11-12,2024-06-16
6a7505f08c396d7272ead985f3951b49,1.0,,2021-11-12,2024-06-16
6a9a4b3ba969deb8b643c01457275a8f,1.0,,2021-11-12,2024-06-16
6ad13f33c4f7fcc0e0dfd3a065d5012b,1.0,,2021-11-12,2024-06-16
6ad2cfb36722f84d3b4a5f5e0f039264,1.0,,2021-11-12,2024-06-16
6b113d4515458e691696441030983a9c,1.0,,2021-11-12,2024-06-16
6b14ef0a2facfc609827f4d31140b6a2,1.0,,2021-11-12,2024-06-16
6fb1f672fca1b73f08651210758459a9,1.0,,2021-11-12,2024-06-16
6fcecfaa59f2ef5819bbe75b994138b1,1.0,,2021-11-12,2024-06-16
6fca0edcbce3ca5da33e5a33e960692b,1.0,,2021-11-12,2024-06-16
6fd56f090686bd4159b7fd78432bcaa5,1.0,,2021-11-12,2024-06-16
6cab54e4313db057fd8992b9189a29ec,1.0,,2021-11-12,2024-06-16
6cfa68b2166ebd1b7f74d098c31c0ce6,1.0,,2021-11-12,2024-06-16
6cfc1ecb513bef1f54aa1292d2430d4c,1.0,,2021-11-12,2024-06-16
6daca7f7bce294af8e8d2acc9fb2373f,1.0,,2021-11-12,2024-06-16
6dc88bcd0a090463ab12d682d55e13e1,1.0,,2021-11-12,2024-06-16
6dfe3badad23f177327b88e53705c4e9,1.0,,2021-11-12,2024-06-16
6e32465600dfda3adc8ff03aa3535be9,1.0,,2021-11-12,2024-06-16
6e3cb95dbe4967173942bf63a02d6bee,1.0,,2021-11-12,2024-06-16
6ec8714f87422d23b7f43bbcc7d0b38d,1.0,,2021-11-12,2024-06-16
6ed0147447f849b3cb5b9678f4bd3e5d,1.0,,2021-11-12,2024-06-16
6efc1a8735e6af0681d357fbe863c73e,1.0,,2021-11-12,2024-06-16
6f16ccfca7bef22b660a1a86a1acbed9,1.0,,2021-11-12,2024-06-16
6f26b3f09ee8d19e0164d284e39d092f,1.0,,2021-11-12,2024-06-16
73e473d59ab19bea2bab49042b947a74,1.0,,2021-11-12,2024-06-16
737d1cd1ad12164bd746f6df5b6c7a8e,1.0,,2021-11-12,2024-06-16
738093f815658fd56ee56ddbc0d7135b,1.0,,2021-11-12,2024-06-16
7382bc97ad81a440543365113dac9de0,1.0,,2021-11-12,2024-06-16
73d9667f16ed0ca46972f3f7c5ad7931,1.0,,2021-11-12,2024-06-16
705f0295c70c71ba4e3ce18fb0a8f926,1.0,,2021-11-12,2024-06-16
70f1ec1d3c52cd3d2177b7d6ccb0d94b,1.0,,2021-11-12,2024-06-16
71450e668dc04dff31ad2c29b8c3c5ed,1.0,,2021-11-12,2024-06-16
718e789c350077bbecabd01bddb15efb,1.0,,2021-11-12,2024-06-16
71c0cdee4efe159ba48b079a69ee3023,1.0,,2021-11-12,2024-06-16
71f0c6b070202ab7ef0585bf04f4c849,1.0,,2021-11-12,2024-06-16
72c57b435c7d0500a3a0b657623c4b89,1.0,,2021-11-12,2024-06-16
77a6fa02476354bcef2d64b535ca65f6,1.0,,2021-11-12,2024-06-16
77bd4fe9fd0f1ebb32e1cacc70a486bd,1.0,,2021-11-12,2024-06-16
75049e1f22e16d5176da8838505e015f,1.0,,2021-11-12,2024-06-16
752d5c789bbde71128d434f55c4b43aa,1.0,,2021-11-12,2024-06-16
753e11445a7d7ae778f49d93f1e15b94,1.0,,2021-11-12,2024-06-16
76580c4b183860d00fe75abdf6f2dd69,1.0,,2021-11-12,2024-06-16
769a27ae444d3a107940f99591dad769,1.0,,2021-11-12,2024-06-16
76c5797f1353b6262aa6417bb4a48b4f,1.0,,2021-11-12,2024-06-16
771ef18a5f5b1c5d17f6d4aa03a8caf0,1.0,,2021-11-12,2024-06-16
7720697d4e1eb86fd0eb765e473f56fe,1.0,,2021-11-12,2024-06-16
773b28bab0966323a396e62157fd2256,1.0,,2021-11-12,2024-06-16
7bab82713c05235bd628f90c376acbee,1.0,,2021-11-12,2024-06-16
7849bb5ba218ca9652d2033cb36961b6,1.0,,2021-11-12,2024-06-16
7887db7c54771b50c340fcec4f4c0b74,1.0,,2021-11-12,2024-06-16
78d2bde112d579644420adf8d05c5b37,1.0,,2021-11-12,2024-06-16
791802b98caba5d1c4f7b5b860b32214,1.0,,2021-11-12,2024-06-16
7965680feb8c451feb32b2dc8947a506,1.0,,2021-11-12,2024-06-16
797eff9ea3d964726f0d0b8fa1c189d0,1.0,,2021-11-12,2024-06-16
797f1ac63b83def2fd2b8bc1cd532e6b,1.0,,2021-11-12,2024-06-16
797060a4e482868fc6e73cd0b2ede5c6,1.0,,2021-11-12,2024-06-16
79d7b910beb38477f8a06544b4a8db72,1.0,,2021-11-12,2024-06-16
79f86c25e113a4e142a41644c6fa9a3f,1.0,,2021-11-12,2024-06-16
7a1f4b4a30efbca7d540559919a829fd,1.0,,2021-11-12,2024-06-16
7a3910054da7e4b3159af0470d16f812,1.0,,2021-11-12,2024-06-16
7a5f88aa0f249babccea1bd3243beef6,1.0,,2021-11-12,2024-06-16
7a7c7e180f7b3a43442596ca95b8f20e,1.0,,2021-11-12,2024-06-16
7a879b17ee3ce430cbb087bf6d532da0,1.0,,2021-11-12,2024-06-16
7a95ef21c394f58aaf1681a0709189f2,1.0,,2021-11-12,2024-06-16
7abca67f38d35f07c83d51ca66aff2a6,1.0,,2021-11-12,2024-06-16
7adb9ee34e5c35282a9e3e2e6fc02d1b,1.0,,2021-11-12,2024-06-16
7b0217b0b3734c49e6077670d99ff116,1.0,,2021-11-12,2024-06-16
7b170a19f25f6cb7d8229b978c1869b0,1.0,,2021-11-12,2024-06-16
7f4d651ca85cebd1d2c7afc7bf68b7bf,1.0,,2021-11-12,2024-06-16
7fa749d321f8ca5370b753ac49c60ce2,1.0,,2021-11-12,2024-06-16
7faa126e2d98c1e452e4bcb81b95a467,1.0,,2021-11-12,2024-06-16
7fb86abf9a924d875e492efff9d5fd6b,1.0,,2021-11-12,2024-06-16
7fd9fa0db4380286a0b83f9a2fe91471,1.0,,2021-11-12,2024-06-16
7c310dafd3b3ae02b2e6c444d41252b6,1.0,,2021-11-12,2024-06-16
7c92298303b90ddb0bc0ed0a1cfe9d92,1.0,,2021-11-12,2024-06-16
7cad394e52aaa0b0efeebd07071751e1,1.0,,2021-11-12,2024-06-16
7cbed2a512e9341ad8aa2a1467798322,1.0,,2021-11-12,2024-06-16
7d2edcaa0cdd1924d230738d917fd60a,1.0,,2021-11-12,2024-06-16
7d2bb19d6b2e403fb3f364a0dd9a076e,1.0,,2021-11-12,2024-06-16
7d4be7574f10420d65c01c4dde3b306d,1.0,,2021-11-12,2024-06-16
7dfa797d63bc8c847319bab8ad9f528b,1.0,,2021-11-12,2024-06-16
7e02f6776c64b5293307e04001ae2449,1.0,,2021-11-12,2024-06-16
7e15059094550873050199c03dc4ed46,1.0,,2021-11-12,2024-06-16
7e1a7dff4cf6a8024897b14e19034b83,1.0,,2021-11-12,2024-06-16
7e22f090d39423a3eb15b1b52401a494,1.0,,2021-11-12,2024-06-16
7e7ed375d268d9956d8b4973074542a0,1.0,,2021-11-12,2024-06-16
7ef592ba02c70e51f460a3887277bef3,1.0,,2021-11-12,2024-06-16
7f0a04651a86f18c6e5ca5c87d38248d,1.0,,2021-11-12,2024-06-16
7f136660dbc61cb1deadae6ed1d20728,1.0,,2021-11-12,2024-06-16
7f1abffb9ea298d56b08e45b3735dd08,1.0,,2021-11-12,2024-06-16
7f3e7c7d910b593c2ba051fc8b4203de,1.0,,2021-11-12,2024-06-16
7f3ca6db2daab3d446edda3cefd00b9c,1.0,,2021-11-12,2024-06-16
83409eaf794d9ab2ed0476097bfaffd3,1.0,,2021-11-12,2024-06-16
834b3c1d671a8d1d0f638a03d73dbbdb,1.0,,2021-11-12,2024-06-16
835f4948e2390a74ba230d1b7f189919,1.0,,2021-11-12,2024-06-16
837434f75ff4e0cab9cd98ab79a15258,1.0,,2021-11-12,2024-06-16
83ae904c15ada2790b04a527654dad01,1.0,,2021-11-12,2024-06-16
83b9fe279ecc60e3b49a172617b877ce,1.0,,2021-11-12,2024-06-16
800e27f2a8a2e6e758e368e0e38266b8,1.0,,2021-11-12,2024-06-16
8027525facdaa8babdbdee786d9f9b55,1.0,,2021-11-12,2024-06-16
80c26a11110e8ac58b572f6661d7d403,1.0,,2021-11-12,2024-06-16
80d11e9e5708f6fd4ae0faeedbe98e63,1.0,,2021-11-12,2024-06-16
80dad818beb6c06898de8ec29be0628b,1.0,,2021-11-12,2024-06-16
80fa688e127553a6fa1d8875d54311af,1.0,,2021-11-12,2024-06-16
812d9fa575e0803387fe0051c4e19e1f,1.0,,2021-11-12,2024-06-16
817676809886b461d5905bbe252a6e1e,1.0,,2021-11-12,2024-06-16
81f89e15f1f8c432992737b7cf2cf064,1.0,,2021-11-12,2024-06-16
82148f62c6d66ceca813407df27b2ff9,1.0,,2021-11-12,2024-06-16
825453ce7fcdc51c6e04b4aa93bbfc66,1.0,,2021-11-12,2024-06-16
8745a188775eadf7c584cccf092c911d,1.0,,2021-11-12,2024-06-16
87890a733e022cba5c0f325fe07cbb45,1.0,,2021-11-12,2024-06-16
878bd3234e6aeeec6e7b9465945ba6f7,1.0,,2021-11-12,2024-06-16
87ba162f2fc0b9f42ead2ecf2d3f270c,1.0,,2021-11-12,2024-06-16
842d0e5aa1ea37d04c67ea8db196f415,1.0,,2021-11-12,2024-06-16
847fa28ea761ce130699c2b062d79dd4,1.0,,2021-11-12,2024-06-16
849efb505e2956bd67d601917d7fc9e0,1.0,,2021-11-12,2024-06-16
85f667ae5cf4be512805421d260f5a2f,1.0,,2021-11-12,2024-06-16
860320f56496c84f97e4ae227e54cace,1.0,,2021-11-12,2024-06-16
86c19ce21928c8d93b4b2133af504dd8,1.0,,2021-11-12,2024-06-16
86ff7be7d03d798fc3cfa3efd15d1eec,1.0,,2021-11-12,2024-06-16
8bff13cbf61fad253794a4e098f5fc81,1.0,,2021-11-12,2024-06-16
8b4bb5ed0e7fecc2ed485d1801d0725b,1.0,,2021-11-12,2024-06-16
8827aeeff8e8fb54cbc00afa272a7e7f,1.0,,2021-11-12,2024-06-16
88287ce1a06a80013d64293f02b3eb4c,1.0,,2021-11-12,2024-06-16
8891a0fb5282f2b3865a95206162b6de,1.0,,2021-11-12,2024-06-16
8893c3a50e96aaf7221d3cc2803ed46b,1.0,,2021-11-12,2024-06-16
890c18cdf25c792e7b2ff9c6a0991b20,1.0,,2021-11-12,2024-06-16
89915b2504722f91a6f9a1bd518a4051,1.0,,2021-11-12,2024-06-16
89ef63f36bab2e58e0fb45e50e374923,1.0,,2021-11-12,2024-06-16
8a1c5feeae08090cd4f629a69f83ade0,1.0,,2021-11-12,2024-06-16
8a4c43e80e166d4cc5068754424d90e5,1.0,,2021-11-12,2024-06-16
8ac1be1f4bf2594938cb6ad9f1e27378,1.0,,2021-11-12,2024-06-16
8b0ecbc1e23c51a441a2848808d30cd6,1.0,,2021-11-12,2024-06-16
8b1360904b20e77e838a5a8d1d51e62e,1.0,,2021-11-12,2024-06-16
8f4edfc44ffddf8e8db5030a2b832e49,1.0,,2021-11-12,2024-06-16
8f432adcd257fe9209cc20eb8f8a4f47,1.0,,2021-11-12,2024-06-16
8fdcf86c4f054439b3cfcb06b081f601,1.0,,2021-11-12,2024-06-16
8cbbdf8592dc3f1813bb1f41f1e67ec8,1.0,,2021-11-12,2024-06-16
8cc43d33ea636d4bb6e28446676c0761,1.0,,2021-11-12,2024-06-16
8ccc80923b6439cf8808a36edd1c3a2f,1.0,,2021-11-12,2024-06-16
8cf4d4bd36b25c0076e002f703ee201c,1.0,,2021-11-12,2024-06-16
8cfb82cd79fb6fa7192b223d4734760b,1.0,,2021-11-12,2024-06-16
8d189dde66e2995874d59784517978cc,1.0,,2021-11-12,2024-06-16
8d73a034760e2323741c1babdbb93130,1.0,,2021-11-12,2024-06-16
8e1f17b06184f2f76756e1f7092f94e4,1.0,,2021-11-12,2024-06-16
8e22eeff5d963bb9a33849b15ecd72a9,1.0,,2021-11-12,2024-06-16
8e7af0d6b1c890f39c2984a5e05831a2,1.0,,2021-11-12,2024-06-16
8e81166bdedba1cdae3235dda6d5eea9,1.0,,2021-11-12,2024-06-16
8ebc477a719c0d0ac9227865cb32255d,1.0,,2021-11-12,2024-06-16
8ebcd6dde3c607167393315842e0c009,1.0,,2021-11-12,2024-06-16
93e86660b8642840a5fe01a4f5646d22,1.0,,2021-11-12,2024-06-16
907f858078dd612ee28a39d33f10a5ed,1.0,,2021-11-12,2024-06-16
9073ceee769acac0b157bb4d669eb5d2,1.0,,2021-11-12,2024-06-16
90b989a13e3a773cd583cd2957226c97,1.0,,2021-11-12,2024-06-16
90f759927247a718031f0985dc02273c,1.0,,2021-11-12,2024-06-16
91d82d8200aec14451db056bd2ae67e0,1.0,,2021-11-12,2024-06-16
9261da22565ba2f02842bc0b0832c106,1.0,,2021-11-12,2024-06-16
926b07938cadd69671b90fad1de67103,1.0,,2021-11-12,2024-06-16
92e0f384b5ac74256f9ceacd413ee163,1.0,,2021-11-12,2024-06-16
92f08fed1b1a4b900ad54eac00e2b4e4,1.0,,2021-11-12,2024-06-16
931b5ad319287094be04e2e487264e31,1.0,,2021-11-12,2024-06-16
97e29f6613473fbbe70d851e450614c6,1.0,,2021-11-12,2024-06-16
97d219bf11ce0345f1df0dab39286b07,1.0,,2021-11-12,2024-06-16
94553fad5babb4894d9fbe4e6644809f,1.0,,2021-11-12,2024-06-16
95a953ba5b181caa88cf7c92aded48de,1.0,,2021-11-12,2024-06-16
95b24ff7f443eb9cb3d08fee6d6bb11c,1.0,,2021-11-12,2024-06-16
970cf665a81c1d6e3240888ca729bacd,1.0,,2021-11-12,2024-06-16
971c8e430e70821ce5c7a4f741e947d6,1.0,,2021-11-12,2024-06-16
9b5498cfba365332e0678dc1dffe35ad,1.0,,2021-11-12,2024-06-16
9b9748c89c566e51a371c064b0c23937,1.0,,2021-11-12,2024-06-16
9ba6fff31a04152283d5c441c0abdbc1,1.0,,2021-11-12,2024-06-16
9ba70e3c533f1357ecc8087c7059f5c0,1.0,,2021-11-12,2024-06-16
9bc6b0a3f3d864f1b6812b85c2b07c95,1.0,,2021-11-12,2024-06-16
981ccc1248bcd09fa8331a99320c8d8f,1.0,,2021-11-12,2024-06-16
98572dd4d4fff3639c8f4ee1cffffad6,1.0,,2021-11-12,2024-06-16
98886455bf5785649e104f45b1e14128,1.0,,2021-11-12,2024-06-16
98df751dbab7e7d8ea0c38f196aecc41,1.0,,2021-11-12,2024-06-16
98e9d2094e203f7d2e7e016d2ce8be22,1.0,,2021-11-12,2024-06-16
9966b21b6c27b48106fe46e7718d0c05,1.0,,2021-11-12,2024-06-16
997d21595dc9bbf72f2ea8db2cf17e3c,1.0,,2021-11-12,2024-06-16
999e035625c1e1d373ef0ba5647bc2f6,1.0,,2021-11-12,2024-06-16
99c6203003d9debef2f705dd00741194,1.0,,2021-11-12,2024-06-16
9a8a110496f54a26c8a51c852be3b962,1.0,,2021-11-12,2024-06-16
9acd909f0703ef8c2dca51cc0cf7dceb,1.0,,2021-11-12,2024-06-16
9aefe9e4584ec32df5983f16baed12cc,1.0,,2021-11-12,2024-06-16
9f6f536a285c95831b8eaff6d8c10cfd,1.0,,2021-11-12,2024-06-16
9f7e1ca8b7d1368cc8544bd97740949c,1.0,,2021-11-12,2024-06-16
9f81ec61b7afa98c2bd6a131c8cd24d8,1.0,,2021-11-12,2024-06-16
9f82bfbbfb752a3ab790133b71246b23,1.0,,2021-11-12,2024-06-16
9c85a0a4202159fb369467532d494c17,1.0,,2021-11-12,2024-06-16
9cc97b57aeccac373a180f66b0557e84,1.0,,2021-11-12,2024-06-16
9d274176e93f25201131ecc551351048,1.0,,2021-11-12,2024-06-16
9d5011432c2983ba687375e6dc56812b,1.0,,2021-11-12,2024-06-16
9d7f5873befa3fa352e82cfcdc2d1a9b,1.0,,2021-11-12,2024-06-16
9da57da850a65fd24786108be1e10a73,1.0,,2021-11-12,2024-06-16
9df4aa7a4bc3a9e34835c66ed92e70a7,1.0,,2021-11-12,2024-06-16
9e3510a8905c2b003e8e1adbd6bf9bba,1.0,,2021-11-12,2024-06-16
9e6a140c925d3fdd019dd42cc1388982,1.0,,2021-11-12,2024-06-16
9ec5f56f7c86e8484c3d9feee4a7d31b,1.0,,2021-11-12,2024-06-16
9f04d4a51503dc0912b9aa2e013bf75e,1.0,,2021-11-12,2024-06-16
9f1877c683e8e114799f9b14376fc0f8,1.0,,2021-11-12,2024-06-16
9f24a3c2922ad557b37fd68b056c4a7a,1.0,,2021-11-12,2024-06-16
9f33e94e5903cd68cb538298472c3ac2,1.0,,2021-11-12,2024-06-16
a3fdfdb3fea2b50c985183d29e37f0dc,1.0,,2021-11-12,2024-06-16
a3f1af48a083f044d87b4b303d785b99,1.0,,2021-11-12,2024-06-16
a3426ce8bbfdad4f809e8c7f3e196f71,1.0,,2021-11-12,2024-06-16
a3556d3a54cba843685695f6d0ca429b,1.0,,2021-11-12,2024-06-16
a36692b37c9129eb981f1a6f15435e4d,1.0,,2021-11-12,2024-06-16
a39a5f004f9cf1db4f101d2a9f964a19,1.0,,2021-11-12,2024-06-16
a3a5c47b6e7dad997dff49055e2114a1,1.0,,2021-11-12,2024-06-16
a3ce3bb905adedba5ad87049b9ee813a,1.0,,2021-11-12,2024-06-16
a3c2acedc7d9e3ae8f5723259226fbd3,1.0,,2021-11-12,2024-06-16
a3c9b5663e1086c81ed25d6040831d3f,1.0,,2021-11-12,2024-06-16
a034f4acc17bd5aa08e43ccd27c3756a,1.0,,2021-11-12,2024-06-16
a05bce401cfdad277914ec77f32b6296,1.0,,2021-11-12,2024-06-16
a08b2e2b20ed2925627e39629e9c813a,1.0,,2021-11-12,2024-06-16
a099a0d177541d06f5fb00c07823da88,1.0,,2021-11-12,2024-06-16
a0ca2598fd83ec24dfaf7b34169e22bd,1.0,,2021-11-12,2024-06-16
a10f48b7665db1e8780215777d51a9d5,1.0,,2021-11-12,2024-06-16
a10648daf07827b4c6c3b904236674a5,1.0,,2021-11-12,2024-06-16
a16949fe0376b8c84cb789fe84a690c2,1.0,,2021-11-12,2024-06-16
a1d34bb01a517e41461c61ca709b1004,1.0,,2021-11-12,2024-06-16
a24f31ad2e44a562684725fb4263c0fd,1.0,,2021-11-12,2024-06-16
a26eb16ed12c3d3864505764d2835b22,1.0,,2021-11-12,2024-06-16
a2da9e62479439add7ccfd03601112c4,1.0,,2021-11-12,2024-06-16
a3063a2bb25fa0e806818a018ce7ae5a,1.0,,2021-11-12,2024-06-16
a746ec17e8d1b92a013b83dd5a7a8a49,1.0,,2021-11-12,2024-06-16
a791eb2d538046d9297497de8dbdd560,1.0,,2021-11-12,2024-06-16
a4392bcdebd345a6f384ccd870f4f584,1.0,,2021-11-12,2024-06-16
a43ce0594e58877016f9a6ccda63e7c0,1.0,,2021-11-12,2024-06-16
a4de3a20d801c14c3d657f69b51c5916,1.0,,2021-11-12,2024-06-16
a4d76bcb9b9307675856aed7f94e3da9,1.0,,2021-11-12,2024-06-16
a4f9cb5eda03e33106efe3cecbb1f835,1.0,,2021-11-12,2024-06-16
a516054b6a401fece49b0a061b33af99,1.0,,2021-11-12,2024-06-16
a55b24fbc122211909fd1f9e4119a5a1,1.0,,2021-11-12,2024-06-16
a5976150c7a21471bbe475f3d365886f,1.0,,2021-11-12,2024-06-16
a5bde8f28db0f3b20733bfec02f72192,1.0,,2021-11-12,2024-06-16
a600662f458089507b989236fca25df7,1.0,,2021-11-12,2024-06-16
a61c4505e7b4bc948fb86cd83eba4749,1.0,,2021-11-12,2024-06-16
a6cfae286178eb439cf2d04f3f9e4d7e,1.0,,2021-11-12,2024-06-16
a7109a012c3eb09e09c14fac2e2495fa,1.0,,2021-11-12,2024-06-16
a714ac798bd3c1bf5df19b9173ff44a3,1.0,,2021-11-12,2024-06-16
ab6e3b1cde81d3f602c7050a75352472,1.0,,2021-11-12,2024-06-16
aba2c3c3f4074ca659385db35c5e0aa4,1.0,,2021-11-12,2024-06-16
abd73517fe771a5f3e5e83734f102b54,1.0,,2021-11-12,2024-06-16
a81f780dd69924fe9e98c274cf53c441,1.0,,2021-11-12,2024-06-16
a8441953022cef1e96a7a4f5d51d8e4f,1.0,,2021-11-12,2024-06-16
a89d2623e58d7b9b61b3212047a05acb,1.0,,2021-11-12,2024-06-16
a8bc6d57755756c8092f54757913e123,1.0,,2021-11-12,2024-06-16
a905ceee6de51f6372a4e9d646b17562,1.0,,2021-11-12,2024-06-16
a93302e6530b0b664c68316105359e40,1.0,,2021-11-12,2024-06-16
a97c36be1da731060868051dc426503d,1.0,,2021-11-12,2024-06-16
a97cdb258921cf464e4ce3318b72629d,1.0,,2021-11-12,2024-06-16
a99e5dbaa553344aa0c5735b8b6b2a9a,1.0,,2021-11-12,2024-06-16
aa329f8c63d1ea9e973b253fd9eb8262,1.0,,2021-11-12,2024-06-16
aa6d47fa630c77e3877e028423daff4a,1.0,,2021-11-12,2024-06-16
aaafafdd26242e32a6ea2a0be937aed6,1.0,,2021-11-12,2024-06-16
aae2b53bd5e67966e5d68d60ce89bba2,1.0,,2021-11-12,2024-06-16
aaf563d7386a5f61e0da7833ab2c81ab,1.0,,2021-11-12,2024-06-16
ab1cf2490d053281f74b1e53f6e81586,1.0,,2021-11-12,2024-06-16
ac5df1d4fd29d3816566f9657ebf8b32,1.0,,2021-11-12,2024-06-16
ac8ff50253d048b4c0d1c8282f6f9056,1.0,,2021-11-12,2024-06-16
ace56ecaaff1d9ae50f7c1f266281d11,1.0,,2021-11-12,2024-06-16
addffe7c72e3fb97a1803eb148f443f6,1.0,,2021-11-12,2024-06-16
addaae6d268aa526566d673e557dfa95,1.0,,2021-11-12,2024-06-16
addaedf6db624501a141ff6f9a927d6c,1.0,,2021-11-12,2024-06-16
ae8c701fb8a3cd3748e4437132830c4c,1.0,,2021-11-12,2024-06-16
ae9315e0090272b614a0331fe54c9436,1.0,,2021-11-12,2024-06-16
aef177aef329067ef728e0c9147f245d,1.0,,2021-11-12,2024-06-16
af0556f58ef36773044137b804476aeb,1.0,,2021-11-12,2024-06-16
b3b3eb448ff58c2e6482e510902cf13e,1.0,,2021-11-12,2024-06-16
b01d10a0f0eaa603339b59f09d5e6802,1.0,,2021-11-12,2024-06-16
b0221e9c09848d875cde8a6227e5f166,1.0,,2021-11-12,2024-06-16
b030eb990d46d2eee31ba964d033494e,1.0,,2021-11-12,2024-06-16
b0cfbb944bf1ff2fd9e8ea24cc3d323b,1.0,,2021-11-12,2024-06-16
b0c853f7ccaed8c5fe339031291c145c,1.0,,2021-11-12,2024-06-16
b12fb30503078b6b6cda893033cd2847,1.0,,2021-11-12,2024-06-16
b135acd34562f7a3055ffbe36b1039bb,1.0,,2021-11-12,2024-06-16
b18505400318a426a6524b24e788f4ad,1.0,,2021-11-12,2024-06-16
b266711e757b8c8cd978c00aba6306e4,1.0,,2021-11-12,2024-06-16
b283f7a3e8b9aac7f8cc825e6baf570a,1.0,,2021-11-12,2024-06-16
b28729ebf17c40a537e7fbcd1e824814,1.0,,2021-11-12,2024-06-16
b465bfd2a682880507804d213d4277b9,1.0,,2021-11-12,2024-06-16
b46b7e83514cb4680d6a987cd4404bfa,1.0,,2021-11-12,2024-06-16
b4cb9df72b0d640ee7302ea81e9e9829,1.0,,2021-11-12,2024-06-16
b51dc1debafd9c0cb105a594dad6ee72,1.0,,2021-11-12,2024-06-16
b5249fe232d54c2c82fd4515fe219fd0,1.0,,2021-11-12,2024-06-16
b5945d8603a7fa4fbd61afd92187cbf8,1.0,,2021-11-12,2024-06-16
b6bfebfe5bfffcf070670ba491b18beb,1.0,,2021-11-12,2024-06-16
bbe5a2b53875a98b30c739e835f88150,1.0,,2021-11-12,2024-06-16
bbea1ea424975f84ffc4464c7d381966,1.0,,2021-11-12,2024-06-16
bb7ac99a1f877a41f73f309f89586fa4,1.0,,2021-11-12,2024-06-16
bb936d261bbd08de277e8cd9e31883d7,1.0,,2021-11-12,2024-06-16
b81642df4adc2dc278a352303f93a358,1.0,,2021-11-12,2024-06-16
b87e402cb72e015241e5012af49d9a17,1.0,,2021-11-12,2024-06-16
b88d2b3284198c2282b51486387cbe68,1.0,,2021-11-12,2024-06-16
b8b23ec324cbf4b33a8d935f3cb542f9,1.0,,2021-11-12,2024-06-16
b900a1d3b2361ddbf985299af777ac8f,1.0,,2021-11-12,2024-06-16
b9015a870083ced3da5e0de6d77b864f,1.0,,2021-11-12,2024-06-16
b959903465343d6785920239ba680cab,1.0,,2021-11-12,2024-06-16
b967f4c7e49986cff20b8ac0896b151e,1.0,,2021-11-12,2024-06-16
b96a9ff254795a8dfda701bc1a9a1f34,1.0,,2021-11-12,2024-06-16
b9ebf1ec12e7e7977a7d8e41f4c7756a,1.0,,2021-11-12,2024-06-16
ba73efd1c6a9f35ecb8dcb92920708e5,1.0,,2021-11-12,2024-06-16
ba8911172cceefe8c205add6f6f564a1,1.0,,2021-11-12,2024-06-16
bb3d327b4d9119b7eb2bc36efd037d31,1.0,,2021-11-12,2024-06-16
bf61aa429a59db2a9bcc90eaa494df95,1.0,,2021-11-12,2024-06-16
bf88f810fd6353cbde9dc77853b4809b,1.0,,2021-11-12,2024-06-16
bfc95092b77dcdce98ddd5b82ff87cb7,1.0,,2021-11-12,2024-06-16
bc115ce55fdba1fc1f87dc1c79c47811,1.0,,2021-11-12,2024-06-16
bc55df502a961cb4c7f3b873eb5e71c0,1.0,,2021-11-12,2024-06-16
bc6a8c004b71fa1d9af36cbb327a67c9,1.0,,2021-11-12,2024-06-16
bc824a56bfb0198e8313e81f7db35c7d,1.0,,2021-11-12,2024-06-16
bcdddd892196f6d2d1959311957230b4,1.0,,2021-11-12,2024-06-16
bce8ec37f5985fc7f61ed0e42299936b,1.0,,2021-11-12,2024-06-16
bd5b1a5b93dd7445698a15380787cd8a,1.0,,2021-11-12,2024-06-16
bd83da4d6b905f33a6f5140c423e644d,1.0,,2021-11-12,2024-06-16
bddabf18d6ebb70f2416e3f650c95834,1.0,,2021-11-12,2024-06-16
beeaeca3c80368ffaad064196438ce4a,1.0,,2021-11-12,2024-06-16
beeaf0e5adc618f76dfbb4899851be37,1.0,,2021-11-12,2024-06-16
c38eaa50397584ac472df4f70eb715c5,1.0,,2021-11-12,2024-06-16
c3c978d6f8d98414a3c3c97cd64242ae,1.0,,2021-11-12,2024-06-16
c3d08038812da7236c2038d2ea11d77f,1.0,,2021-11-12,2024-06-16
c0aa268ab637f7f37f89d2b1f90a1a53,1.0,,2021-11-12,2024-06-16
c0e52e7dd3220d2b96297adf319f4a0c,1.0,,2021-11-12,2024-06-16
c10d2e0b74639887962533459e3135e9,1.0,,2021-11-12,2024-06-16
c1400a8371bebb4ed592b6cf432b3f78,1.0,,2021-11-12,2024-06-16
c16997ee3142a470fe84fdb46ec062b5,1.0,,2021-11-12,2024-06-16
c184b663f5e0400eb6f4ea6f642a1554,1.0,,2021-11-12,2024-06-16
c1ad862f619490b832b88a675cc9763c,1.0,,2021-11-12,2024-06-16
c1df6a9945403177503995aef99201e8,1.0,,2021-11-12,2024-06-16
c2014d11b7b3859519c0005bb3ff56c5,1.0,,2021-11-12,2024-06-16
c23556376ce79aa2e33ac6dd7201944a,1.0,,2021-11-12,2024-06-16
c252619e52b83ff85b9ce5a42af43596,1.0,,2021-11-12,2024-06-16
c2c460fa29ca494c4a88c983d8aa68df,1.0,,2021-11-12,2024-06-16
c31b7e13284b625bf7aee73a429fc4d4,1.0,,2021-11-12,2024-06-16
c79fadcebef5038867106f5b52a85c64,1.0,,2021-11-12,2024-06-16
c7b196a571b1a072eb880def517fbff0,1.0,,2021-11-12,2024-06-16
c48816999ab58b70f8acde17a6ae3220,1.0,,2021-11-12,2024-06-16
c49568f85770da8e2b07b0073e238233,1.0,,2021-11-12,2024-06-16
c4f209198e0b1974230a2c8299323257,1.0,,2021-11-12,2024-06-16
c548f95b51e5952fcb5900057eb1c7ce,1.0,,2021-11-12,2024-06-16
c565cd7656974d5924995a3a76255d91,1.0,,2021-11-12,2024-06-16
c593b19dfbcbd47be6e83fb0f1842836,1.0,,2021-11-12,2024-06-16
c5cb9519f3c544bf0cfbe92df85be5a6,1.0,,2021-11-12,2024-06-16
c64ad2642001251368db031da5434936,1.0,,2021-11-12,2024-06-16
c659bdcb7cd10eac5abf73e137f83b74,1.0,,2021-11-12,2024-06-16
c68e658d79371528f90655c853a24fe3,1.0,,2021-11-12,2024-06-16
c6884b3de2d174fc889165be0e46a084,1.0,,2021-11-12,2024-06-16
c6f7096be690434487361dd7b8883faa,1.0,,2021-11-12,2024-06-16
cbe02b28b5cb8980cd4a302fc8e0232a,1.0,,2021-11-12,2024-06-16
cb67345bb2c028f574820daa82d821cb,1.0,,2021-11-12,2024-06-16
cb706dfc0523dbb3c0f85df11ef48f3f,1.0,,2021-11-12,2024-06-16
c809787ee4d84c596e5582ab2a0e6bb4,1.0,,2021-11-12,2024-06-16
c85085acfa3e132ad7a843ae6d2a333b,1.0,,2021-11-12,2024-06-16
c85ca0d2a0c36a176730241b0b3c64b2,1.0,,2021-11-12,2024-06-16
c890eb4554620aa9cbee65a0a8ecba06,1.0,,2021-11-12,2024-06-16
c8f4a7336be74a9b2e65662e52930fe3,1.0,,2021-11-12,2024-06-16
c8f96b5324acf332183fa8bd6e9eb35b,1.0,,2021-11-12,2024-06-16
c901eaaa4a350b38d41b4ebedf70cf56,1.0,,2021-11-12,2024-06-16
c915408cb5597a5cc8a365f5ce6d2121,1.0,,2021-11-12,2024-06-16
c9b93e6e32246c27ad692daeea7c82e3,1.0,,2021-11-12,2024-06-16
ca943c4cc4bdd9d6705cdde5059f38d8,1.0,,2021-11-12,2024-06-16
ca97bbfa49caa4ba4fe599c62a950d0a,1.0,,2021-11-12,2024-06-16
caa76426505cceecd0041f4f53445e89,1.0,,2021-11-12,2024-06-16
cacc201c5bbe691bcda8c4cf6e5f4793,1.0,,2021-11-12,2024-06-16
cc58e1925105edc22edf608162fe6fe2,1.0,,2021-11-12,2024-06-16
ccf53dd5751e65b642a3e2ddc935c379,1.0,,2021-11-12,2024-06-16
cd1299961c7e7db743d674a535a6832e,1.0,,2021-11-12,2024-06-16
cdc0f8f70c833c17adbdd2c5a55b3d52,1.0,,2021-11-12,2024-06-16
ce0fdaa1506880988be50502c869fa3a,1.0,,2021-11-12,2024-06-16
ce857a5c2afe718ff304834167d9e8ef,1.0,,2021-11-12,2024-06-16
ceba0129d5e61cece007cfe3660e0b4c,1.0,,2021-11-12,2024-06-16
ced99ea937b28b81df945409d1a062c7,1.0,,2021-11-12,2024-06-16
cedc61f73bd3495a6841d73036369d52,1.0,,2021-11-12,2024-06-16
cef2729d37f89f8089d188f020c62f69,1.0,,2021-11-12,2024-06-16
cf039b78aee60f90a66c5d9bebb91b78,1.0,,2021-11-12,2024-06-16
668245f08ceb3ebfb2d49b83897e1e52,1.0,,2021-11-13,2024-06-16
653253ff59cce74c5acbc7cc0f786069,1.0,,2021-11-13,2024-06-16
a53045f8ac7b831099b3e946f4369fa1,1.0,,2021-11-13,2024-06-16
409b1debd5f30db0f7acdf49073e7b03,1.0,,2021-11-13,2024-06-16
7149d8e97c69eb2d7f28505374cdbe48,1.0,,2021-11-13,2024-06-16
b986308b93b948c1446dc739acc0c727,1.0,,2021-11-13,2024-06-16
9c79b576e1cc0b885cb00717b7ab087c,1.0,,2021-11-13,2024-06-16
a68a44af431511373f70f173923cb789,1.0,,2021-11-13,2024-06-16
6032d705ac697ac55022f989fc31647b,1.0,,2021-11-13,2024-06-16
78f4159e66ba1bb690edad83bac2ca68,1.0,,2021-11-13,2024-06-16
046ff4273044e8447427995ba71a1f80,1.0,,2021-11-13,2024-06-16
8da02912df3dbcced0e37152b97e5020,1.0,,2021-11-13,2024-06-16
8785a347d8ab3bb2d8a10053cc65953c,1.0,,2021-11-13,2024-06-16
b132ce72c992d7a5d8ccdd78df657502,1.0,,2021-11-13,2024-06-16
6a09da4a428cf219b8c58373d57c457c,,1.0,2021-11-25,2024-06-16
0a2ae2f6c84d0a155744aeafb7d47338,1.0,,2021-11-25,2024-06-16
7e4d3bc7427abe1b24c398a8b8628ef8,1.0,,2021-11-25,2024-06-16
bca8c45ed64dda2d42b4e53297955d9f,1.0,,2021-11-25,2024-06-16
2cf245a3d646213ce27a1dec31468459,,1.0,2021-12-04,2024-06-16
7eeae52df02a7ab657726a3b98c10271,,1.0,2021-12-04,2024-06-16
42102979984e9cfb70dc4c3f1861f193,,1.0,2021-12-04,2024-06-16
8776850598c723801684da57513ef41d,,1.0,2021-12-04,2024-06-16
b43a3aa887726958819b1b326d2b4e62,,1.0,2021-12-04,2024-06-16
467caf68a058115dc487ed86e093c17f,,1.0,2021-12-04,2024-06-16
bced6668832034eb264bb78e808db3aa,,1.0,2021-12-04,2024-06-16
a8aca2d989488c8facce85fe429f9d91,,1.0,2021-12-04,2024-06-16
a997d2dc0a2e7f1a82418916a013220c,,1.0,2021-12-04,2024-06-16
8a095be0adc4e105a42b288a1b642455,,1.0,2021-12-04,2024-06-16
88f481c46e728876a082645dde453a6c,,1.0,2021-12-04,2024-06-16
c135ff447232a6931fc160d1054a2869,,1.0,2021-12-04,2024-06-16
6e2da6f4a8650f6e02ed30268058e61d,,1.0,2021-12-04,2024-06-16
3d4009c44e9d26de64a06f3533d5a7e3,,1.0,2021-12-04,2024-06-16
8b294cb199396ebc1568748314876ce9,,1.0,2021-12-04,2024-06-16
aa5c8d0efb425773a0ed8f48c4abac19,,1.0,2021-12-04,2024-06-16
4ae331782360ee9a0f23eb473256d331,,1.0,2021-12-04,2024-06-16
2c40d9a9682cfdbbaaad076e43f0cedf,,1.0,2021-12-04,2024-06-16
57d7a2c7f41e39a6dd48329ed2453601,,1.0,2021-12-04,2024-06-16
484c474c6d4f513cc41b0db1ef10d9a8,,1.0,2021-12-04,2024-06-16
d8d6ed83c239fcbbee2ab25d9e022e67,,1.0,2021-12-04,2024-06-16
7ad88f2f197cbcc4c58f515a14eefd8d,,1.0,2021-12-04,2024-06-16
31d5761ec7671cd397064294ed94d2cb,,1.0,2021-12-04,2024-06-16
805f0d0ca74a04fbeb12d3c9924308bc,,1.0,2021-12-04,2024-06-16
2bed560c5621575ae0f2005a4133edb5,,1.0,2021-12-04,2024-06-16
096adbe128fa8443756a7cba41214c92,,1.0,2021-12-04,2024-06-16
cef0e51dca4b1217894b998fd988bd7e,,1.0,2021-12-04,2024-06-16
444fa7f73741b35a2cac1380da15c911,,1.0,2021-12-04,2024-06-16
712e16fdf412f5e2b0bf7611d1c29842,,1.0,2021-12-04,2024-06-16
a3aa57ab560859ee959497c5abda42d7,,1.0,2021-12-04,2024-06-16
7fd83d5b46a915e5404b1234b4c9594d,,1.0,2021-12-04,2024-06-16
4a6cc20ad04cb528b2fe232a86cae17e,,1.0,2021-12-04,2024-06-16
542dc8e04454062791f0e841f85c4553,,1.0,2021-12-04,2024-06-16
22605ee59a6c574498f55e111c9c4c21,,1.0,2021-12-04,2024-06-16
37dfa498640ac045afa7582be966c2a9,,1.0,2021-12-04,2024-06-16
7928c7c4f1c60c3df1bb0db0754b2039,,1.0,2021-12-04,2024-06-16
d90e3cfb2a1b75631314193e6fe812cb,,1.0,2021-12-04,2024-06-16
d107aa429b801af73658af773d1de1d9,,1.0,2021-12-04,2024-06-16
e6c2bb9b7ae0b89cb666d189a0e33e8c,,1.0,2021-12-04,2024-06-16
215216291682c60379683154365a595d,,1.0,2021-12-04,2024-06-16
36634dee7848bb31f3a5c9cf5562477a,,1.0,2021-12-04,2024-06-16
9c2f1b58cc8d15fa14b52fb4296a9f8f,,1.0,2021-12-04,2024-06-16
f9c55d98cd015ec5e1a384e79835a1d0,,1.0,2021-12-04,2024-06-16
abeec5fc9ecb3649b7628f0309147e33,,1.0,2021-12-04,2024-06-16
8fc38bd005e98a5024fcc6b0d01afe84,,1.0,2021-12-04,2024-06-16
6f60c23eca9562162aced0323ccaea11,,1.0,2021-12-04,2024-06-16
883efa034e1e939b2fb6d9f89f011dca,,1.0,2021-12-04,2024-06-16
c1603f43a067b80e5790ac7d32760d8d,,1.0,2021-12-04,2024-06-16
2788033dff4034aad200bef44aa7aa03,,1.0,2021-12-04,2024-06-16
c93f1ab590cebca86c9c9944f929aeb2,,1.0,2021-12-04,2024-06-16
022c869d57ab91010c3e98084d79fdc1,,1.0,2021-12-04,2024-06-16
8413b76ea3ea8de6b9546b349eeb020f,,1.0,2021-12-04,2024-06-16
4789cd4753c509dd37ac95978794587a,,1.0,2021-12-04,2024-06-16
23dd422c78a5a55cca02ae47eccab7ff,,1.0,2021-12-04,2024-06-16
8b40886d8a6d25ae9964eb451cb50fde,,1.0,2021-12-04,2024-06-16
fc27f210c1597eb9775d4409e98ddcdb,,1.0,2021-12-04,2024-06-16
76cef83e9a6f866ed5a5e9eb11b90a8b,,1.0,2021-12-04,2024-06-16
c6fcd9acfaccd534e70b85ae31f6e37a,,1.0,2021-12-04,2024-06-16
10314405090f08b84f14bde491bd359b,,1.0,2021-12-04,2024-06-16
c4421011024aee716745dc195f8b47f0,,1.0,2021-12-04,2024-06-16
829c57ddc086b94f19defd42b75cc17f,,1.0,2021-12-04,2024-06-16
c75723944423cea70a4f8a16b8359d1f,,1.0,2021-12-04,2024-06-16
65be6340fe278647edf34ba94191dc7b,,1.0,2021-12-04,2024-06-16
08d22190150d3d0631b673acc9f46b2a,,1.0,2021-12-04,2024-06-16
1ebf2bcb0f89b02a65328d0f9788300c,,1.0,2021-12-04,2024-06-16
006bb2f80e00115f2b39979e18e928ab,,1.0,2021-12-04,2024-06-16
196ba6abb086d7336fddc7fae15cee33,,1.0,2021-12-04,2024-06-16
3496c4cd6f0699d3ac939c3c5c9f9ef7,,1.0,2021-12-04,2024-06-16
0121472d4334dc7c9cd7557582170b87,,1.0,2021-12-04,2024-06-16
0f6a0baf5aa93fd2e14dde9cc332610c,,1.0,2021-12-04,2024-06-16
76dc1fac15251df9b2057754e1fde2bb,,1.0,2021-12-04,2024-06-16
b291e320fbd7ef2d8806927cdc873a33,,1.0,2021-12-04,2024-06-16
78c00e63169ae1af224b0aea3cfaee1d,,1.0,2021-12-04,2024-06-16
f7f450cc836a08a4e9b5ba7214b5df3b,,1.0,2021-12-04,2024-06-16
b0bf107bdbd16886daa3641d12d09de6,,1.0,2021-12-04,2024-06-16
04e9bac2adab3604ee112677c18b51df,,1.0,2021-12-04,2024-06-16
f201e6d55b6a750b1f9ece00ae719068,,1.0,2021-12-04,2024-06-16
b51790b0cb782ed639d0613daba9af7d,,1.0,2021-12-04,2024-06-16
34db3a3b290a13e70fe672da5af5db4b,,1.0,2021-12-04,2024-06-16
3e4217df96d8341f9b91de82bcc4d5c5,,1.0,2021-12-04,2024-06-16
37dfd7a3f9965c7c1fcbf9bc5f82b1fb,,1.0,2021-12-04,2024-06-16
c1b856bd9310ffe3537652dbc8436ee8,,1.0,2021-12-04,2024-06-16
d760ed27db84ae8fe16c2ef776dfd7e1,,1.0,2021-12-04,2024-06-16
25e8f5c0782715a4de4193cf07ae296c,,1.0,2021-12-04,2024-06-16
7308cced3b706521470249ba6b0d4dc6,,1.0,2021-12-04,2024-06-16
bcc84321964bf990bb0d24b0961fabf2,,1.0,2021-12-04,2024-06-16
2ebdc1da01aa48db4960819b7965335d,,1.0,2021-12-04,2024-06-16
e1764998c5e2a36ab9db32189724e42f,,1.0,2021-12-04,2024-06-16
c2ae34e2741a8207d635baf4619192b6,,1.0,2021-12-04,2024-06-16
7aba9ae870ef3f137fef01eab403445d,,1.0,2021-12-04,2024-06-16
c1452fca8e15114ccd985c14212ef8c0,,1.0,2021-12-04,2024-06-16
0484fbef3309c897a988fe463a47a448,,1.0,2021-12-04,2024-06-16
1b857330906543b5bcda56fd4e9d170e,,1.0,2021-12-04,2024-06-16
c74ae92a8d75a8f092ce37bb769dd791,,1.0,2021-12-04,2024-06-16
5b5ed48acd980f2e83de366eb76fbe78,,1.0,2021-12-04,2024-06-16
6708c058abeaab771fc6da99f16f8824,,1.0,2021-12-04,2024-06-16
694f0479ef7d7b20ec3432f8c47c9b75,,1.0,2021-12-04,2024-06-16
1e38f0315a5c5eb1ca48d6fbed0bd54d,,1.0,2021-12-04,2024-06-16
566d9c940e166dec16f7aa5b9557f2f3,,1.0,2021-12-04,2024-06-16
df832598760cd3d792d26d5424c5c3e8,,1.0,2021-12-04,2024-06-16
ddbddf8cb653b75517f52dce2c8dd8a1,,1.0,2021-12-04,2024-06-16
543b64dbd7956eec19fbaecfe7224a5b,,1.0,2021-12-04,2024-06-16
8376d8d941e99e8a8ff85fd6b7c80b29,,1.0,2021-12-04,2024-06-16
0a976ea810b8c5c4baea2cceb82f9196,,1.0,2021-12-04,2024-06-16
f9916c064aebc11879f33446a81669f9,,1.0,2021-12-04,2024-06-16
cdc6690e72cc9ac670d23422364a3936,,1.0,2021-12-04,2024-06-16
6b9490079038ff98f2f404a63b82a31a,,1.0,2021-12-04,2024-06-16
7c54140137df30329285ce17cf40bf3d,,1.0,2021-12-04,2024-06-16
d8bf877761fe07756440bb6fb72c0d61,,1.0,2021-12-04,2024-06-16
822563ebeb60ab61f91774c27d9b6964,,1.0,2021-12-04,2024-06-16
5c1290f5ac12a769d5d627a991871c8f,,1.0,2021-12-04,2024-06-16
77bf25c1b53592a7a43052f8226e849f,,1.0,2021-12-04,2024-06-16
386a64b0a575fab4e357b973efcb763e,,1.0,2021-12-04,2024-06-16
b197c60524dbbacd57094ea5f27cd0cb,,1.0,2021-12-04,2024-06-16
aca90b740d90809e224544c3101978a9,,1.0,2021-12-04,2024-06-16
f45b6eaf66ea78d76e55cf1741b4ac1c,,1.0,2021-12-04,2024-06-16
04db09bae2e3475e33408534a3fce5a5,,1.0,2021-12-04,2024-06-16
84051c063bb73a0018b69411bdc8f8cc,,1.0,2021-12-04,2024-06-16
5d0cd976c49c6f3a4f97bc4a85236f95,,1.0,2021-12-04,2024-06-16
f228bb044c740877d3d44a140ce94d58,,1.0,2021-12-04,2024-06-16
e4c13ae33f35dab31230ddc066e154cb,,1.0,2021-12-04,2024-06-16
7e558527c22561f175494401a19d331d,,1.0,2021-12-04,2024-06-16
b4bd12b72e95e5b1acc07132f5dc7c11,,1.0,2021-12-04,2024-06-16
35118e5a5081876eed93de0024fda6de,,1.0,2021-12-04,2024-06-16
924b1e4e28d9fd556b18a95b5c669ea7,,1.0,2021-12-04,2024-06-16
b663241c4c02f5bbb1121b46d7afbf1d,,1.0,2021-12-04,2024-06-16
0b0b69b1ef13df2538145f2100792b0c,,1.0,2021-12-04,2024-06-16
74aa208ba693771ce4d7b0c1cb4ade7f,,1.0,2021-12-04,2024-06-16
bdb6c1bba40e05a6b9391b1dfd5e572c,,1.0,2021-12-04,2024-06-16
7bb87200df83b338760fdb42314b2226,,1.0,2021-12-04,2024-06-16
0a5dd393af6c5ea00cd9b8c1b6de2734,,1.0,2021-12-04,2024-06-16
b9277d00d1e5e61d218deb4ee69478e4,,1.0,2021-12-04,2024-06-16
64f725b980465505fcf341dfb89ba7df,,1.0,2021-12-04,2024-06-16
89896adce307b77d3816c2eecec308f2,,1.0,2021-12-04,2024-06-16
701c15246531f51fd84a566ed5b1a9cc,,1.0,2021-12-04,2024-06-16
aa91f816e4fbaae53ec99a8b5c12c471,,1.0,2021-12-04,2024-06-16
5b98e01898e5548192bf1251018e87bf,,1.0,2021-12-04,2024-06-16
db012050edb565885583cde427c6dc25,,1.0,2021-12-04,2024-06-16
636501f254996e5c67b0d879072396e5,,1.0,2021-12-04,2024-06-16
b69fd61970326caf779887abc8f8fbc2,,1.0,2021-12-04,2024-06-16
9eea8ec013f13fb0520f9e5d67c78592,,1.0,2021-12-04,2024-06-16
df1fde21545a3fdebc41e576b082979e,,1.0,2021-12-04,2024-06-16
164e04ba3777d5fa5f9a44b00e87e561,,1.0,2021-12-04,2024-06-16
16e80392779038e6f77cd20bbd3b8c94,,1.0,2021-12-04,2024-06-16
1c56dc011ac9fef11ee2cf46001cf720,,1.0,2021-12-04,2024-06-16
8d2aec2b7d5dd223b12e1fd65ce266f5,,1.0,2021-12-04,2024-06-16
78c88bde0042e2a0ea1462d49f1bf9d1,,1.0,2021-12-04,2024-06-16
fb78db582da44046d94fe3ec73f71767,,1.0,2021-12-04,2024-06-16
58eff03c636c2299b77601c6b6380502,,1.0,2021-12-04,2024-06-16
8d4a8f157bc0bbd2c5b60e2a2ff5772d,,1.0,2021-12-04,2024-06-16
474c1605187f231d91889f87a31a88ec,,1.0,2021-12-04,2024-06-16
bf3b046ad3b9d7cfb4d20b60d1837b6e,,1.0,2021-12-04,2024-06-16
0bb9c189e847c2659228ad2a6c441a9b,,1.0,2021-12-04,2024-06-16
e0ab099de3c3bb89cdc4e1bdcea170c3,,1.0,2021-12-04,2024-06-16
0be56570dc16719f15e74651b7a6594d,,1.0,2021-12-04,2024-06-16
958b93e1f7834e9c18f8d494e7de2d09,,1.0,2021-12-04,2024-06-16
91fc2a02b4c4b828707924872163f381,,1.0,2021-12-04,2024-06-16
1e435bdce923f087059e78650f393b66,,1.0,2021-12-04,2024-06-16
528ceaad04c49228ef4ea8d57ccd0921,,1.0,2021-12-04,2024-06-16
195197e6bdfff93db1fc25f0f07ce7a7,,1.0,2021-12-04,2024-06-16
d1ea50005eb85eec2c6b6d62c80a6994,,1.0,2021-12-04,2024-06-16
937d6a9005d80ebc94fb6d3f07369120,,1.0,2021-12-04,2024-06-16
0a146b57c19f30366e9c640620b0894c,,1.0,2021-12-04,2024-06-16
cbdfd89b0d6edb922521e08db4245781,,1.0,2021-12-04,2024-06-16
a3edac40032ab8c73569464991e646bd,,1.0,2021-12-04,2024-06-16
0008f1a1dc6adc19027b21549b35315e,,1.0,2021-12-04,2024-06-16
52ca0e355876df6cbaac0ddad4d298c2,,1.0,2021-12-04,2024-06-16
53fb84c4d174cdc4500fa473cb86cbda,,1.0,2021-12-04,2024-06-16
e93c95910707659a903d0bd81d7c42eb,,1.0,2021-12-04,2024-06-16
54f536298d6dfdcd53a2b71234975d90,,1.0,2021-12-04,2024-06-16
730e1aec77ce798efc2c0533e909d011,,1.0,2021-12-04,2024-06-16
8ab03853b3b2c8dd53ff99ecdb94cdc7,,1.0,2021-12-04,2024-06-16
e1a7c793fe6b039c7aff4a354bc5bc71,,1.0,2021-12-04,2024-06-16
1d1dd82b3100cd3e9fdd98f2cad574fb,,1.0,2021-12-04,2024-06-16
bec9fd0a688cd99e51cdb7d899313674,,1.0,2021-12-04,2024-06-16
f06b1b92bfb14f5b289b5bc23d88fac4,,1.0,2021-12-04,2024-06-16
60dcfb81d5489284ee15caae6fad4d13,,1.0,2021-12-04,2024-06-16
8509babae5ee49d8a17a9248e0a17cd9,,1.0,2021-12-04,2024-06-16
bf73377a439c28558dea5798a9d98e65,,1.0,2021-12-04,2024-06-16
44703e1ed9922004b94e99a256567084,,1.0,2021-12-04,2024-06-16
8bf04fd61c42bccf9195256673026394,,1.0,2021-12-04,2024-06-16
2a2943b896dde643b3603f0e95546a03,,1.0,2021-12-04,2024-06-16
d3e4523864e63a35cc5211b2b29ba94e,,1.0,2021-12-04,2024-06-16
4493db5d2909a32f6f20994d17efa148,,1.0,2021-12-04,2024-06-16
d664f3a7a2ddbbf6583a3fb9de44b4e9,,1.0,2021-12-04,2024-06-16
74d583adf4751549e143b6ad9cecc68b,,1.0,2021-12-04,2024-06-16
a460d29551b42c723f2b017e241ccdf0,,1.0,2021-12-04,2024-06-16
3059a15b5a70b6f929dd2dcf7a59a3d5,,1.0,2021-12-04,2024-06-16
2c3b91b86122a240694bb19fc37b3a51,,1.0,2021-12-04,2024-06-16
81eca0c546d38635045db682a3a69277,,1.0,2021-12-04,2024-06-16
2bfbf4f7296ba7a96a27837954c63a7d,,1.0,2021-12-04,2024-06-16
d56cbb5f706212ea8fcde0c180b52329,,1.0,2021-12-04,2024-06-16
b7c068aa364e68a872259caa3f87fa84,,1.0,2021-12-04,2024-06-16
482623648a9ee6ecba0892d66c1fe7d6,,1.0,2021-12-04,2024-06-16
57462cade24a733aa5aa9ec46b2f3842,,1.0,2021-12-04,2024-06-16
c1231ce4dfa70d3ec59bb4a5d35e1ecc,,1.0,2021-12-04,2024-06-16
f805792022d667bc44deca5dd71f97dd,,1.0,2021-12-04,2024-06-16
1e6daf581fcc731760b2602ed89ad45f,,1.0,2021-12-04,2024-06-16
633b600ac8037c511e74e6a213ddc8aa,,1.0,2021-12-04,2024-06-16
9a8e2008843c4ec139acb47741ade11e,,1.0,2021-12-04,2024-06-16
165b24ee9cb85f5a4baed803b258848d,,1.0,2021-12-04,2024-06-16
f33f108711e5b3a06e8caf47a4fc126c,,1.0,2021-12-04,2024-06-16
c6993301133e927e35adac74b39e9b58,,1.0,2021-12-04,2024-06-16
339abaefaa10a020bd930be9ae425b47,,1.0,2021-12-04,2024-06-16
6a89fcde8dfa144e88646458b8703724,,1.0,2021-12-04,2024-06-16
d7abe4a32da05aff2d8b0d36c0ea2692,,1.0,2021-12-04,2024-06-16
bf3512c565446e3841e6382158e06789,,1.0,2021-12-04,2024-06-16
be288732c243a4a4fd30be24de674851,,1.0,2021-12-04,2024-06-16
b30d8bd8ef4d89e61d5287b3f2e0bf0e,,1.0,2021-12-04,2024-06-16
b0ab6926203860e08219728cf93f5617,,1.0,2021-12-04,2024-06-16
975fe6482e3163a757cbf685f770ce85,,1.0,2021-12-04,2024-06-16
9dd554566874aad393e08499bf3b6683,,1.0,2021-12-04,2024-06-16
2fdc6dd3c170cb2d1df758b756c87d6c,,1.0,2021-12-04,2024-06-16
8f20c8005f93f9d76285494fa485547b,,1.0,2021-12-04,2024-06-16
02fd47d23bd7cd62157fb762fc0def2c,,1.0,2021-12-04,2024-06-16
7872926a81671ca5d555f549a4685e02,,1.0,2021-12-04,2024-06-16
f35d116efcde418ccdb3498f91c9225f,,1.0,2021-12-04,2024-06-16
2d1e312d6f72eadf6ce57bb2d7b2b436,,1.0,2021-12-04,2024-06-16
c4a354ed8fd8932c60d39cdc7e8bcf39,,1.0,2021-12-04,2024-06-16
5cb5bacc56b2405515c404fe1e7313ea,,1.0,2021-12-04,2024-06-16
39dddce68b386e8e9e6a5de17064c459,,1.0,2021-12-04,2024-06-16
dbd8f74501bfb9021f4fb8c3f920fb29,,1.0,2021-12-04,2024-06-16
543a3191071e33a0f600ca28fb456ba9,,1.0,2021-12-04,2024-06-16
a754f37e43c60fa216d41642a20b0f0d,,1.0,2021-12-04,2024-06-16
81453ed1df40ad651f1ae71b45c597e4,,1.0,2021-12-04,2024-06-16
9b4432d4374af89b13750dde008318d7,,1.0,2021-12-04,2024-06-16
ed601323037e65a6be71ecf666b7e0b5,,1.0,2021-12-04,2024-06-16
3d54731b25036fdf120518681ee47669,,1.0,2021-12-04,2024-06-16
54444d2c17f058204c6cf28cad15b530,,1.0,2021-12-04,2024-06-16
488cab3bebb8f867cdfee6ebb422cec2,,1.0,2021-12-04,2024-06-16
376276962081cb72d5f61fc7ea3b196d,,1.0,2021-12-04,2024-06-16
1f9cd12e2ddc487701da38e7edf171ee,,1.0,2021-12-04,2024-06-16
e1f075f006ccef8ebb59a5a282857ad7,,1.0,2021-12-04,2024-06-16
6f8257308da8bbca7b811dd026fd3ba1,,1.0,2021-12-04,2024-06-16
d0774013012cbd60706ae17fd2bebfcd,,1.0,2021-12-04,2024-06-16
08bd6e8e91232f73022b86267aaa675b,,1.0,2021-12-04,2024-06-16
920cbdeaf8b49b2ee46b6567a9a0db3e,,1.0,2021-12-04,2024-06-16
494cf249ef09e72f6962d4d6a5b16537,,1.0,2021-12-04,2024-06-16
e6de700b079943a4de1320d71f66ab52,,1.0,2021-12-04,2024-06-16
a1a7c5cb43c36fcc066df8b6c0f720cb,,1.0,2021-12-04,2024-06-16
68d7538a3086017e1254d4dbe1d87d74,,1.0,2021-12-04,2024-06-16
36382ec1e3e8a3a16cf0020e1feb4ea7,,1.0,2021-12-04,2024-06-16
19d56019bb889f012ccc14a689043044,,1.0,2021-12-04,2024-06-16
72256284182e80f4020586ce34532397,,1.0,2021-12-04,2024-06-16
0a5bb3cd56f8cbb513b988db67048e5d,,1.0,2021-12-04,2024-06-16
3add0400ffa10644e86f522c28b6dc5d,,1.0,2021-12-04,2024-06-16
a43c1c11c4b067d905a9910d1c276fce,,1.0,2021-12-04,2024-06-16
53b0d65a55379e83e67770ac74f54df1,,1.0,2021-12-04,2024-06-16
0554f2a8ea0acfeee318d95fec767b2d,,1.0,2021-12-04,2024-06-16
1e7e3ec1cd058f87ca329c93c0b4c722,,1.0,2021-12-04,2024-06-16
b74aedd5978e0dc48fff015e8ae69c09,,1.0,2021-12-04,2024-06-16
0fac2f0719b0585472101f7c596c6c42,,1.0,2021-12-04,2024-06-16
3cd1d32609daa27544c175bf1d70dec1,,1.0,2021-12-04,2024-06-16
99f173131348c1ce3dd10130db15da35,,1.0,2021-12-04,2024-06-16
c781c5c87173455cf6284675097138b8,,1.0,2021-12-04,2024-06-16
